signal_id,class_,status,entry_ok,stop_ok,target_ok,direction_ok,k_ok,sweep_ok,emit_bar,mss_bar,fill_bar,gap_sm,gap_mf,R,entry_ref,entry_emit,stop_ref,stop_emit,target_ref,target_emit
A-0001-20210701T0955,DELAYED,MATCH-AT-K,True,True,True,True,True,True,1810,1810,1814,1,4,-0.014679976512037,14531.78,14531.78,14514.75,14514.75,14565.84,14565.84
A-0002-20210707T0955,DELAYED,MATCH-AT-K,True,True,True,True,True,True,2868,2868,2870,1,2,1.4998793436293192,14842.81,14842.81,14884.25,14884.25,14759.94,14759.94
A-0003-20210708T1035,FULLY-AVAILABLE,MATCH-AT-K,True,True,True,True,True,True,3152,3152,3154,6,2,1.4998388136685827,14602.04,14602.04,14540.0,14540.0,14726.1,14726.1
A-0004-20210709T0940,FULLY-AVAILABLE,MATCH-AT-K,True,True,True,True,True,True,3418,3418,3419,1,1,-1.027027027027027,14704.25,14704.25,14722.75,14722.75,14667.24,14667.24
A-0005-20210712T1005,DELAYED,MATCH-AT-K,True,True,True,True,True,True,3699,3699,3700,1,1,-0.5053702656868175,14823.12,14823.12,14858.5,14858.5,14752.36,14752.36
A-0006-20210715T0955,FULLY-AVAILABLE,MATCH-AT-K,True,True,True,True,True,True,4522,4522,4526,1,4,1.4998444790046903,14870.6,14870.6,14902.75,14902.75,14806.31,14806.31
A-0007-20210716T1050,DELAYED,MATCH-AT-K,True,True,True,True,True,True,4807,4807,4813,1,6,1.5000000000000249,14779.94,14779.94,14816.5,14816.5,14706.82,14706.82
A-0008-20210723T0945,FULLY-AVAILABLE,MATCH-AT-K,True,True,True,True,True,True,6178,6178,6180,1,2,-1.0248385494287144,14974.37,14974.37,14994.5,14994.5,14934.12,14934.12
A-0009-20210727T0950,DELAYED,MATCH-AT-K,True,True,True,True,True,True,6732,6732,6733,1,1,1.4999999999999774,15067.46,15067.46,15107.5,15107.5,14987.38,14987.38
A-0010-20210728T1000,FULLY-AVAILABLE,MATCH-AT-K,True,True,True,True,True,True,7006,7006,7011,1,5,-1.01657824933687,14992.59,14992.59,15022.75,15022.75,14932.28,14932.28
A-0011-20210730T1025,DELAYED,MATCH-AT-K,True,True,True,True,True,True,7562,7562,7568,1,6,0.285046728971948,14935.44,14935.44,14890.5,14890.5,15025.31,15025.31
A-0012-20210802T0955,DELAYED,MATCH-AT-K,True,True,True,True,True,True,7836,7836,7838,1,2,-1.0069754464285714,14973.32,14973.32,15045.0,15045.0,14829.97,14829.97
A-0013-20210803T1020,DELAYED,MATCH-AT-K,True,True,True,True,True,True,8115,8115,8119,1,4,-1.0057577153385535,14922.41,14922.41,15009.25,15009.25,14748.74,14748.74
A-0014-20210804T1000,DELAYED,MATCH-AT-K,True,True,True,True,True,True,8390,8390,8391,1,1,-0.0166223404255309,15033.04,15033.04,15018.0,15018.0,15063.11,15063.11
A-0015-20210809T0945,FULLY-AVAILABLE,MATCH-AT-K,True,True,True,True,True,True,9215,9215,9216,1,1,-0.4213281895839213,15102.96,15102.96,15139.25,15139.25,15030.36,15030.36
A-0016-20210810T0945,FULLY-AVAILABLE,MATCH-AT-K,True,True,True,True,True,True,9490,9490,9492,1,2,-1.0383141762452128,15141.2,15141.2,15154.25,15154.25,15115.11,15115.11
A-0017-20210811T1200,FULLY-AVAILABLE,MATCH-AT-K,True,True,True,True,True,True,9784,9784,9795,1,11,-0.4709302325581395,15001.5,15001.5,15044.5,15044.5,14915.5,14915.5
A-0018-20210816T0945,FULLY-AVAILABLE,MATCH-AT-K,True,True,True,True,True,True,10594,10594,10596,1,2,-1.0424088210347722,15087.79,15087.79,15076.0,15076.0,15111.38,15111.38
A-0019-20210818T1040,FULLY-AVAILABLE,MATCH-AT-K,True,True,True,True,True,True,11149,11149,11159,1,10,-1.019638648860959,14999.96,14999.96,14974.5,14974.5,15050.87,15050.87
A-0020-20210819T0940,FULLY-AVAILABLE,MATCH-AT-K,True,True,True,True,True,True,11422,11422,11423,1,1,1.5,14786.99,14786.99,14763.25,14763.25,14834.47,14834.47
A-0021-20210824T0950,FULLY-AVAILABLE,MATCH-AT-K,True,True,True,True,True,True,12251,12251,12253,2,2,1.4999999999998606,15327.02,15327.02,15320.5,15320.5,15340.06,15340.06
A-0022-20210826T0940,FULLY-AVAILABLE,MATCH-AT-K,True,True,True,True,True,True,12802,12802,12803,1,1,-0.0152625152625159,15344.38,15344.38,15328.0,15328.0,15377.12,15377.12
A-0023-20210826T1035,FULLY-AVAILABLE,MATCH-AT-K,True,True,True,True,True,True,12813,12813,12814,1,1,-0.005335040546308,15304.14,15304.14,15351.0,15351.0,15210.43,15210.43
A-0024-20210902T1025,DELAYED,MATCH-AT-K,True,True,True,True,True,True,14190,14190,14192,1,2,1.4996389891696342,15633.8,15633.8,15661.5,15661.5,15578.42,15578.42
A-0025-20210903T1035,FULLY-AVAILABLE,MATCH-AT-K,True,True,True,True,True,True,14463,14463,14470,1,7,1.0301159274193474,15610.43,15610.43,15570.75,15570.75,15689.78,15689.78
A-0026-20210910T1025,DELAYED,MATCH-AT-K,True,True,True,True,True,True,15798,15798,15800,1,2,1.499999999999977,15618.22,15618.22,15657.5,15657.5,15539.66,15539.66
A-0027-20210915T0950,DELAYED,MATCH-AT-K,True,True,True,True,True,True,16620,16620,16621,1,1,-1.0067649844405355,15360.09,15360.09,15434.0,15434.0,15212.28,15212.28
A-0028-20210922T0955,FULLY-AVAILABLE,MATCH-AT-K,True,True,True,True,True,True,17998,17998,18002,1,4,-1.0239923224568137,15053.66,15053.66,15074.5,15074.5,15011.98,15011.98
A-0029-20210922T1010,FULLY-AVAILABLE,MATCH-AT-K,True,True,True,True,True,True,18004,18004,18005,1,1,1.1303932494825757,15088.06,15088.06,15025.25,15025.25,15213.69,15213.69
A-0030-20210923T1105,FULLY-AVAILABLE,MATCH-AT-K,True,True,True,True,True,True,18280,18280,18292,1,12,-1.023463162834351,15292.81,15292.81,15271.5,15271.5,15335.43,15335.43
A-0031-20210924T0945,FULLY-AVAILABLE,MATCH-AT-K,True,True,True,True,True,True,18551,18551,18552,2,1,1.5005515719802056,15207.38,15207.38,15189.25,15189.25,15243.66,15243.66
A-0032-20210924T1030,FULLY-AVAILABLE,MATCH-AT-K,True,True,True,True,True,True,18559,18559,18561,4,2,1.4999999999999674,15228.62,15228.62,15200.75,15200.75,15284.36,15284.36
A-0033-20210927T1105,FULLY-AVAILABLE,MATCH-AT-K,True,True,True,True,True,True,18843,18843,18844,7,1,-1.0107342206955776,15186.08,15186.08,15139.5,15139.5,15279.23,15279.23
A-0034-20210929T1030,FULLY-AVAILABLE,MATCH-AT-K,True,True,True,True,True,True,19381,19381,19389,4,8,1.500252525252577,14821.8,14821.8,14802.0,14802.0,14861.41,14861.41
A-0035-20210930T0940,FULLY-AVAILABLE,MATCH-AT-K,True,True,True,True,True,True,19654,19654,19655,1,1,-0.0052631578947368,14828.0,14828.0,14780.5,14780.5,14923.0,14923.0
A-0036-20211001T0950,DELAYED,MATCH-AT-K,True,True,True,True,True,True,19932,19932,19933,1,1,-0.0028768699654775,14649.1,14649.1,14736.0,14736.0,14475.29,14475.29
A-0037-20211006T0955,FULLY-AVAILABLE,MATCH-AT-K,True,True,True,True,True,True,20758,20758,20762,1,4,-1.0155908949173684,14543.07,14543.07,14511.0,14511.0,14607.22,14607.22
A-0038-20211008T0940,FULLY-AVAILABLE,MATCH-AT-K,True,True,True,True,True,True,21310,21310,21311,1,1,1.500281531531512,14912.98,14912.98,14948.5,14948.5,14841.92,14841.92
A-0039-20211012T0950,FULLY-AVAILABLE,MATCH-AT-K,True,True,True,True,True,True,21864,21864,21865,1,1,0.9353888792655536,14721.77,14721.77,14779.5,14779.5,14606.31,14606.31
A-0040-20211015T0955,FULLY-AVAILABLE,MATCH-AT-K,True,True,True,True,True,True,22691,22691,22694,2,3,1.5,15082.5,15082.5,15099.75,15099.75,15048.0,15048.0
A-0041-20211025T1000,FULLY-AVAILABLE,MATCH-AT-K,True,True,True,True,True,True,24347,24347,24351,1,4,-1.012764871074802,15395.33,15395.33,15434.5,15434.5,15317.0,15317.0
A-0042-20211101T0950,DELAYED,MATCH-AT-K,True,True,True,True,True,True,25728,25728,25729,1,1,-0.0054632867132866,15823.24,15823.24,15869.0,15869.0,15731.71,15731.71
A-0043-20211108T1005,DELAYED,MATCH-AT-K,True,True,True,True,True,True,27111,27111,27112,1,1,-0.0085149863760216,16335.64,16335.64,16365.0,16365.0,16276.91,16276.91
A-0044-20211109T0940,FULLY-AVAILABLE,MATCH-AT-K,True,True,True,True,True,True,27382,27382,27383,1,1,1.4996334310851025,16378.61,16378.61,16392.25,16392.25,16351.34,16351.34
A-0045-20211109T1010,DELAYED,MATCH-AT-K,True,True,True,True,True,True,27388,27388,27389,1,1,0.2934500938253971,16225.59,16225.59,16337.5,16337.5,16001.77,16001.77
A-0046-20211111T0950,FULLY-AVAILABLE,MATCH-AT-K,True,True,True,True,True,True,27934,27934,27937,1,3,1.500273522975886,16092.72,16092.72,16111.0,16111.0,16056.15,16056.15
A-0047-20211112T1005,FULLY-AVAILABLE,MATCH-AT-K,True,True,True,True,True,True,28210,28210,28216,1,6,-1.0151699029126218,16055.79,16055.79,16088.75,16088.75,15989.88,15989.88
A-0048-20211117T0940,FULLY-AVAILABLE,MATCH-AT-K,True,True,True,True,True,True,29038,29038,29039,1,1,1.4999999999999198,16311.65,16311.65,16323.0,16323.0,16288.95,16288.95
A-0049-20211118T0940,FULLY-AVAILABLE,MATCH-AT-K,True,True,True,True,True,True,29314,29314,29315,1,1,-1.0293599530240771,16385.97,16385.97,16403.0,16403.0,16351.91,16351.91
A-0050-20211118T1025,DELAYED,MATCH-AT-K,True,True,True,True,True,True,29323,29323,29324,1,1,-1.0059787157718525,16335.87,16335.87,16419.5,16419.5,16168.61,16168.61
A-0051-20211125T1045,FULLY-AVAILABLE,MATCH-AT-K,True,True,True,True,True,True,30697,30697,30708,1,11,-0.0164247517188803,16404.93,16404.93,16378.75,16378.75,16457.29,16457.29
A-0052-20211126T0940,FULLY-AVAILABLE,MATCH-AT-K,True,True,True,True,True,True,30922,30922,30923,1,1,-1.0162022034996756,16257.86,16257.86,16227.0,16227.0,16319.58,16319.58
A-0053-20211130T1035,FULLY-AVAILABLE,MATCH-AT-K,True,True,True,True,True,True,31433,31433,31441,1,8,-1.0108530497069677,16374.07,16374.07,16328.0,16328.0,16466.22,16466.22
A-0054-20211130T1105,DELAYED,MATCH-AT-K,True,True,True,True,True,True,31446,31446,31447,1,1,0.1263972484952661,16179.3,16179.3,16353.75,16353.75,15830.38,15830.38
A-0055-20211201T1020,FULLY-AVAILABLE,MATCH-AT-K,True,True,True,True,True,True,31711,31711,31714,5,3,1.5001247504990047,16310.08,16310.08,16270.0,16270.0,16390.25,16390.25
A-0056-20211202T1035,FULLY-AVAILABLE,MATCH-AT-K,True,True,True,True,True,True,31981,31981,31993,1,12,-1.01,15838.0,15838.0,15788.0,15788.0,15937.99,15937.99
A-0057-20211206T0950,FULLY-AVAILABLE,MATCH-AT-K,True,True,True,True,True,True,32533,32533,32536,1,3,-0.0040407305640859,15699.13,15699.13,15761.0,15761.0,15575.39,15575.39
A-0058-20211209T0950,FULLY-AVAILABLE,MATCH-AT-K,True,True,True,True,True,True,33361,33361,33364,1,3,-1.019011406844107,16359.05,16359.05,16332.75,16332.75,16411.65,16411.65
A-0059-20211210T1055,FULLY-AVAILABLE,MATCH-AT-K,True,True,True,True,True,True,33652,33652,33653,1,1,-0.0072759022118741,16201.89,16201.89,16236.25,16236.25,16133.17,16133.17
A-0060-20211213T0940,FULLY-AVAILABLE,MATCH-AT-K,True,True,True,True,True,True,33913,33913,33914,1,1,1.4999181401440715,16316.92,16316.92,16378.0,16378.0,16194.77,16194.77
A-0061-20211214T0950,FULLY-AVAILABLE,MATCH-AT-K,True,True,True,True,True,True,34191,34191,34192,1,1,-1.0051743764876333,15952.63,15952.63,15856.0,15856.0,16145.9,16145.9
A-0062-20211216T0950,DELAYED,MATCH-AT-K,True,True,True,True,True,True,34743,34743,34744,1,1,1.500059431831701,16258.37,16258.37,16342.5,16342.5,16090.1,16090.1
A-0063-20211217T1010,FULLY-AVAILABLE,MATCH-AT-K,True,True,True,True,True,True,35019,35019,35024,3,5,-1.0426257459505557,15700.23,15700.23,15688.5,15688.5,15723.68,15723.68
A-0064-20211220T0945,FULLY-AVAILABLE,MATCH-AT-K,True,True,True,True,True,True,35294,35294,35295,1,1,1.5001362026696,15579.21,15579.21,15542.5,15542.5,15652.64,15652.64
A-0065-20211220T1025,FULLY-AVAILABLE,MATCH-AT-K,True,True,True,True,True,True,35301,35301,35303,3,2,-0.0107991360691146,15585.65,15585.65,15562.5,15562.5,15631.95,15631.95
A-0066-20211228T0955,FULLY-AVAILABLE,MATCH-AT-K,True,True,True,True,True,True,36673,36673,36677,1,4,1.5001766160366437,16580.69,16580.69,16609.0,16609.0,16524.06,16524.06
A-0067-20211229T0955,FULLY-AVAILABLE,MATCH-AT-K,True,True,True,True,True,True,36952,36952,36953,4,1,-0.0270562770562723,16500.74,16500.74,16491.5,16491.5,16519.22,16519.22
A-0068-20211231T0940,FULLY-AVAILABLE,MATCH-AT-K,True,True,True,True,True,True,37501,37501,37502,1,1,-1.023969319271332,16425.11,16425.11,16404.25,16404.25,16466.83,16466.83
A-0069-20211231T1015,FULLY-AVAILABLE,MATCH-AT-K,True,True,True,True,True,True,37505,37505,37509,1,4,0.983509377020922,16414.86,16414.86,16461.25,16461.25,16322.07,16322.07
A-0070-20220103T0945,FULLY-AVAILABLE,MATCH-AT-K,True,True,True,True,True,True,37777,37777,37779,1,2,-1.0139198218262813,16411.67,16411.67,16375.75,16375.75,16483.5,16483.5
A-0071-20220103T1000,FULLY-AVAILABLE,MATCH-AT-K,True,True,True,True,True,True,37781,37781,37782,1,1,-0.8944619347452778,16334.24,16334.24,16474.0,16474.0,16054.72,16054.72
A-0072-20220104T0940,FULLY-AVAILABLE,MATCH-AT-K,True,True,True,True,True,True,38053,38053,38054,1,1,1.5000000000000766,16497.24,16497.24,16521.0,16521.0,16449.72,16449.72
A-0073-20220106T0955,FULLY-AVAILABLE,MATCH-AT-K,True,True,True,True,True,True,38605,38605,38609,1,4,-1.0094446543256517,15724.44,15724.44,15671.5,15671.5,15830.34,15830.34
A-0074-20220112T1140,FULLY-AVAILABLE,MATCH-AT-K,True,True,True,True,True,True,39723,39723,39734,2,11,0.6899271844660269,15919.6,15919.6,16002.0,16002.0,15754.79,15754.79
A-0075-20220114T1000,DELAYED,MATCH-AT-K,True,True,True,True,True,True,40264,40264,40266,1,2,-1.0047010154193303,15520.86,15520.86,15414.5,15414.5,15733.58,15733.58
A-0076-20220118T1030,FULLY-AVAILABLE,MATCH-AT-K,True,True,True,True,True,True,40772,40772,40776,1,4,-1.0059185606060606,15367.48,15367.48,15283.0,15283.0,15536.45,15536.45
A-0077-20220119T1055,DELAYED,MATCH-AT-K,True,True,True,True,True,True,41056,41056,41057,1,1,-0.003897723729342,15196.11,15196.11,15260.25,15260.25,15067.83,15067.83
A-0078-20220121T1035,FULLY-AVAILABLE,MATCH-AT-K,True,True,True,True,True,True,41594,41594,41605,2,11,-0.0053395984621956,14772.18,14772.18,14819.0,14819.0,14678.53,14678.53
A-0079-20220125T0940,FULLY-AVAILABLE,MATCH-AT-K,True,True,True,True,True,True,42145,42145,42146,1,1,-1.0131406044678055,14221.8,14221.8,14183.75,14183.75,14297.89,14297.89
A-0080-20220127T1100,FULLY-AVAILABLE,MATCH-AT-K,True,True,True,True,True,True,42709,42709,42714,12,5,-1.0549450549450528,14339.4,14339.4,14348.5,14348.5,14321.2,14321.2
A-0081-20220201T0950,DELAYED,MATCH-AT-K,True,True,True,True,True,True,43527,43527,43528,1,1,0.350565089995816,14856.94,14856.94,14952.5,14952.5,14665.82,14665.82
A-0082-20220202T0940,FULLY-AVAILABLE,MATCH-AT-K,True,True,True,True,True,True,43801,43801,43802,1,1,1.5001640958319993,15150.78,15150.78,15181.25,15181.25,15089.83,15089.83
A-0083-20220202T0955,FULLY-AVAILABLE,MATCH-AT-K,True,True,True,True,True,True,43804,43804,43805,1,1,0.5859188544152745,15073.75,15073.75,15178.5,15178.5,14864.24,14864.24
A-0084-20220203T0945,FULLY-AVAILABLE,MATCH-AT-K,True,True,True,True,True,True,44078,44078,44079,1,1,-0.0043975373790676,14733.85,14733.85,14677.0,14677.0,14847.55,14847.55
A-0085-20220208T0950,FULLY-AVAILABLE,MATCH-AT-K,True,True,True,True,True,True,44905,44905,44908,1,3,-0.0095529231944975,14527.17,14527.17,14501.0,14501.0,14579.52,14579.52
A-0086-20220210T1050,DELAYED,MATCH-AT-K,True,True,True,True,True,True,45470,45470,45472,1,2,-1.0072390328652092,14977.32,14977.32,14908.25,14908.25,15115.45,15115.45
A-0087-20220211T1005,FULLY-AVAILABLE,MATCH-AT-K,True,True,True,True,True,True,45737,45737,45739,4,2,1.4998200791651306,14722.71,14722.71,14750.5,14750.5,14667.14,14667.14
A-0088-20220211T1025,FULLY-AVAILABLE,MATCH-AT-K,True,True,True,True,True,True,45741,45741,45743,1,2,1.499929458239289,14654.62,14654.62,14725.5,14725.5,14512.87,14512.87
A-0089-20220214T1000,FULLY-AVAILABLE,MATCH-AT-K,True,True,True,True,True,True,46011,46011,46014,3,3,1.49986218302092,14217.78,14217.78,14181.5,14181.5,14290.33,14290.33
A-0090-20220222T1000,DELAYED,MATCH-AT-K,True,True,True,True,True,True,47621,47621,47622,1,1,-1.003191421459118,14044.67,14044.67,13888.0,13888.0,14358.01,14358.01
A-0091-20220225T0950,FULLY-AVAILABLE,MATCH-AT-K,True,True,True,True,True,True,48446,48446,48448,1,2,1.500104733975704,13969.76,13969.76,14017.5,14017.5,13874.27,13874.27
A-0092-20220301T0940,FULLY-AVAILABLE,MATCH-AT-K,True,True,True,True,True,True,48997,48997,48998,1,1,1.5001569858712465,14185.1,14185.1,14153.25,14153.25,14248.81,14248.81
A-0093-20220302T1025,FULLY-AVAILABLE,MATCH-AT-K,True,True,True,True,True,True,49279,49279,49283,7,4,-1.061500615006156,14080.62,14080.62,14088.75,14088.75,14064.37,14064.37
A-0094-20220309T1000,FULLY-AVAILABLE,MATCH-AT-K,True,True,True,True,True,True,50656,50656,50658,2,2,-1.0121036068748488,13580.19,13580.19,13621.5,13621.5,13497.56,13497.56
A-0095-20220314T1020,DELAYED,MATCH-AT-K,True,True,True,True,True,True,51489,51489,51490,1,1,-1.0044883303411132,13346.9,13346.9,13235.5,13235.5,13569.7,13569.7
A-0096-20220317T1035,FULLY-AVAILABLE,MATCH-AT-K,True,True,True,True,True,True,52313,52313,52321,1,8,-1.0128172263522173,13908.01,13908.01,13869.0,13869.0,13986.02,13986.02
A-0097-20220324T0940,FULLY-AVAILABLE,MATCH-AT-K,True,True,True,True,True,True,53689,53689,53690,1,1,-1.0144969556393155,14510.01,14510.01,14544.5,14544.5,14441.03,14441.03
A-0098-20220324T1000,FULLY-AVAILABLE,MATCH-AT-K,True,True,True,True,True,True,53693,53693,53694,2,1,-1.0172711571675297,14522.55,14522.55,14551.5,14551.5,14464.64,14464.64
A-0099-20220325T0945,FULLY-AVAILABLE,MATCH-AT-K,True,True,True,True,True,True,53965,53965,53967,1,2,1.5002173913043526,14766.0,14766.0,14789.0,14789.0,14719.99,14719.99
A-0100-20220330T1005,FULLY-AVAILABLE,MATCH-AT-K,True,True,True,True,True,True,54794,54794,54799,1,5,1.5002619172341598,15159.84,15159.84,15140.75,15140.75,15198.03,15198.03
A-0101-20220401T1005,DELAYED,MATCH-AT-K,True,True,True,True,True,True,55349,55349,55351,1,2,-1.0107805088400177,14851.37,14851.37,14897.75,14897.75,14758.61,14758.61
A-0102-20220407T0945,FULLY-AVAILABLE,MATCH-AT-K,True,True,True,True,True,True,56449,56449,56451,1,2,1.4999999999999782,14496.28,14496.28,14454.75,14454.75,14579.34,14579.34
A-0103-20220413T0955,DELAYED,MATCH-AT-K,True,True,True,True,True,True,57555,57555,57557,1,2,1.5000575837844077,14007.33,14007.33,13920.5,13920.5,14181.0,14181.0
A-0104-20220418T0940,FULLY-AVAILABLE,MATCH-AT-K,True,True,True,True,True,True,58105,58105,58106,1,1,-0.0070165590794275,13875.38,13875.38,13839.75,13839.75,13946.65,13946.65
A-0105-20220422T1005,FULLY-AVAILABLE,MATCH-AT-K,True,True,True,True,True,True,59209,59209,59215,1,6,1.5001436781609487,13743.45,13743.45,13778.25,13778.25,13673.84,13673.84
A-0106-20220425T1020,FULLY-AVAILABLE,MATCH-AT-K,True,True,True,True,True,True,59491,59491,59494,6,3,1.500335120643439,13276.42,13276.42,13261.5,13261.5,13306.27,13306.27
A-0107-20220425T1040,FULLY-AVAILABLE,MATCH-AT-K,True,True,True,True,True,True,59496,59496,59498,1,2,-1.003960709759189,13391.24,13391.24,13265.0,13265.0,13643.73,13643.73
A-0108-20220429T1015,FULLY-AVAILABLE,MATCH-AT-K,True,True,True,True,True,True,60592,60592,60597,4,5,-1.0108672027820038,13272.26,13272.26,13226.25,13226.25,13364.29,13364.29
A-0109-20220502T1005,DELAYED,MATCH-AT-K,True,True,True,True,True,True,60868,60868,60871,1,3,-0.0018587360594795,12876.75,12876.75,12742.25,12742.25,13145.76,13145.76
A-0110-20220503T1105,DELAYED,MATCH-AT-K,True,True,True,True,True,True,61154,61154,61159,1,5,-1.0128965695125096,13070.73,13070.73,13109.5,13109.5,12993.18,12993.18
A-0111-20220509T0940,FULLY-AVAILABLE,MATCH-AT-K,True,True,True,True,True,True,62245,62245,62246,1,1,-0.0059382422802849,12463.1,12463.1,12421.0,12421.0,12547.31,12547.31
A-0112-20220510T1135,DELAYED,MATCH-AT-K,True,True,True,True,True,True,62539,62539,62545,1,6,-0.0053304904051173,12269.1,12269.1,12316.0,12316.0,12175.29,12175.29
A-0113-20220512T1030,DELAYED,MATCH-AT-K,True,True,True,True,True,True,63082,63082,63084,1,2,-0.0018155410312272,11945.95,11945.95,11808.25,11808.25,12221.35,12221.35
A-0114-20220516T1005,FULLY-AVAILABLE,MATCH-AT-K,True,True,True,True,True,True,63627,63627,63631,1,4,-1.0113378684807257,12314.4,12314.4,12358.5,12358.5,12226.22,12226.22
A-0115-20220519T0940,FULLY-AVAILABLE,MATCH-AT-K,True,True,True,True,True,True,64453,64453,64454,1,1,-1.0080606158310494,11900.03,11900.03,11838.0,11838.0,12024.08,12024.08
A-0116-20220520T0940,FULLY-AVAILABLE,MATCH-AT-K,True,True,True,True,True,True,64729,64729,64730,1,1,1.4998541848935254,12019.21,12019.21,12053.5,12053.5,11950.64,11950.64
A-0117-20220523T0955,FULLY-AVAILABLE,MATCH-AT-K,True,True,True,True,True,True,65007,65007,65009,3,2,-1.023663038334123,11866.88,11866.88,11845.75,11845.75,11909.13,11909.13
A-0118-20220525T1005,DELAYED,MATCH-AT-K,True,True,True,True,True,True,65561,65561,65563,1,2,1.4997999199679828,11777.49,11777.49,11752.5,11752.5,11827.46,11827.46
A-0119-20220606T0940,FULLY-AVAILABLE,MATCH-AT-K,True,True,True,True,True,True,67717,67717,67718,1,1,1.5,12755.99,12755.99,12786.0,12786.0,12695.97,12695.97
A-0120-20220607T1005,DELAYED,MATCH-AT-K,True,True,True,True,True,True,67995,67995,67999,1,4,1.4999999999999891,12498.27,12498.27,12412.0,12412.0,12670.81,12670.81
A-0121-20220608T1010,DELAYED,MATCH-AT-K,True,True,True,True,True,True,68271,68271,68276,1,5,-1.006560818790185,12703.21,12703.21,12627.0,12627.0,12855.64,12855.64
A-0122-20220609T1005,DELAYED,MATCH-AT-K,True,True,True,True,True,True,68549,68549,68551,1,2,-1.0052753745515932,12600.28,12600.28,12505.5,12505.5,12789.83,12789.83
A-0123-20220614T1000,FULLY-AVAILABLE,MATCH-AT-K,True,True,True,True,True,True,69373,69373,69378,1,5,1.500000000000023,11387.12,11387.12,11426.5,11426.5,11308.36,11308.36
A-0124-20220617T1015,FULLY-AVAILABLE,MATCH-AT-K,True,True,True,True,True,True,70202,70202,70209,2,7,-1.01005227181343,11228.24,11228.24,11178.5,11178.5,11327.73,11327.73
A-0125-20220622T0940,FULLY-AVAILABLE,MATCH-AT-K,True,True,True,True,True,True,70981,70981,70982,1,1,1.5001362397819946,11472.2,11472.2,11435.5,11435.5,11545.61,11545.61
A-0126-20220623T0945,FULLY-AVAILABLE,MATCH-AT-K,True,True,True,True,True,True,71258,71258,71259,1,1,-1.0067033114358492,11609.41,11609.41,11684.0,11684.0,11460.22,11460.22
A-0127-20220627T0955,DELAYED,MATCH-AT-K,True,True,True,True,True,True,71811,71811,71813,1,2,0.270929615879993,12080.51,12080.51,12212.5,12212.5,11816.53,11816.53
A-0128-20220629T1010,DELAYED,MATCH-AT-K,True,True,True,True,True,True,72366,72366,72368,1,2,0.1962281795511249,11692.32,11692.32,11564.0,11564.0,11948.96,11948.96
A-0129-20220701T0940,FULLY-AVAILABLE,MATCH-AT-K,True,True,True,True,True,True,72913,72913,72914,1,1,-1.0133475707421251,11498.54,11498.54,11536.0,11536.0,11423.63,11423.63
A-0130-20220705T1050,DELAYED,MATCH-AT-K,True,True,True,True,True,True,73429,73429,73432,1,3,-1.0104427736006685,11517.38,11517.38,11469.5,11469.5,11613.14,11613.14
A-0131-20220706T1010,DELAYED,MATCH-AT-K,True,True,True,True,True,True,73697,73697,73700,4,3,1.4995012468828277,11785.8,11785.8,11765.75,11765.75,11825.88,11825.88
A-0132-20220708T0945,FULLY-AVAILABLE,MATCH-AT-K,True,True,True,True,True,True,74246,74246,74247,1,1,-1.0089895720963682,12043.12,12043.12,11987.5,11987.5,12154.36,12154.36
A-0133-20220712T1030,FULLY-AVAILABLE,MATCH-AT-K,True,True,True,True,True,True,74802,74802,74808,1,6,0.0742401049639289,11886.54,11886.54,11978.0,11978.0,11703.63,11703.63
A-0134-20220713T1140,FULLY-AVAILABLE,MATCH-AT-K,True,True,True,True,True,True,75086,75086,75098,1,12,0.757014639247123,11729.51,11729.51,11614.75,11614.75,11959.02,11959.02
A-0135-20220718T1015,FULLY-AVAILABLE,MATCH-AT-K,True,True,True,True,True,True,75902,75902,75909,2,7,1.5002209456474158,12111.88,12111.88,12089.25,12089.25,12157.15,12157.15
A-0136-20220720T1000,FULLY-AVAILABLE,MATCH-AT-K,True,True,True,True,True,True,76453,76453,76458,1,5,1.50042662116038,12280.44,12280.44,12257.0,12257.0,12327.34,12327.34
A-0137-20220721T1100,FULLY-AVAILABLE,MATCH-AT-K,True,True,True,True,True,True,76736,76736,76746,8,10,1.5,12499.5,12499.5,12513.5,12513.5,12471.5,12471.5
A-0138-20220728T1000,DELAYED,MATCH-AT-K,True,True,True,True,True,True,78112,78112,78114,1,2,-1.0035582123541134,12498.98,12498.98,12639.5,12639.5,12217.96,12217.96
A-0139-20220729T1100,FULLY-AVAILABLE,MATCH-AT-K,True,True,True,True,True,True,78390,78390,78402,1,12,-1.0258397932816532,12860.6,12860.6,12841.25,12841.25,12899.29,12899.29
A-0140-20220802T0955,FULLY-AVAILABLE,MATCH-AT-K,True,True,True,True,True,True,78937,78937,78941,1,4,1.4997907074089911,12876.39,12876.39,12852.5,12852.5,12924.16,12924.16
A-0141-20220802T1110,FULLY-AVAILABLE,MATCH-AT-K,True,True,True,True,True,True,78952,78952,78956,1,4,1.4999999999999865,12945.44,12945.44,12878.25,12878.25,13079.82,13079.82
A-0142-20220804T1055,DELAYED,MATCH-AT-K,True,True,True,True,True,True,79500,79500,79505,1,5,-0.0052664840952181,13249.53,13249.53,13297.0,13297.0,13154.59,13154.59
A-0143-20220805T1105,FULLY-AVAILABLE,MATCH-AT-K,True,True,True,True,True,True,79771,79771,79783,1,12,-1.0128106584678451,13192.78,13192.78,13153.75,13153.75,13270.83,13270.83
A-0144-20220811T1125,DELAYED,MATCH-AT-K,True,True,True,True,True,True,80889,80889,80891,1,2,1.164801307847076,13413.98,13413.98,13493.5,13493.5,13254.94,13254.94
A-0145-20220815T0940,FULLY-AVAILABLE,MATCH-AT-K,True,True,True,True,True,True,81421,81421,81422,1,1,1.5,13557.49,13557.49,13520.25,13520.25,13631.97,13631.97
A-0146-20220816T1045,FULLY-AVAILABLE,MATCH-AT-K,True,True,True,True,True,True,81708,81708,81711,1,3,-1.017427675148135,13566.31,13566.31,13595.0,13595.0,13508.94,13508.94
A-0147-20220818T0940,FULLY-AVAILABLE,MATCH-AT-K,True,True,True,True,True,True,82249,82249,82250,1,1,-0.006438320885913,13477.42,13477.42,13516.25,13516.25,13399.75,13399.75
A-0148-20220823T1030,DELAYED,MATCH-AT-K,True,True,True,True,True,True,83083,83083,83088,2,5,0.0020166372573714,12946.34,12946.34,12867.0,12867.0,13105.03,13105.03
A-0149-20220825T0950,FULLY-AVAILABLE,MATCH-AT-K,True,True,True,True,True,True,83630,83630,83632,2,2,-1.0219683655536027,12998.24,12998.24,13021.0,13021.0,12952.71,12952.71
A-0150-20220826T1005,FULLY-AVAILABLE,MATCH-AT-K,True,True,True,True,True,True,83910,83910,83911,6,1,-1.006404508774177,13110.18,13110.18,13188.25,13188.25,12954.03,12954.03
A-0151-20220829T1035,FULLY-AVAILABLE,MATCH-AT-K,True,True,True,True,True,True,84181,84181,84193,1,12,-1.013376136971643,12515.63,12515.63,12478.25,12478.25,12590.4,12590.4
A-0152-20220901T1020,DELAYED,MATCH-AT-K,True,True,True,True,True,True,85016,85016,85018,1,2,1.499917478131703,12142.91,12142.91,12203.5,12203.5,12021.74,12021.74
A-0153-20220908T1000,FULLY-AVAILABLE,MATCH-AT-K,True,True,True,True,True,True,86345,86345,86346,1,1,0.6505529065638651,12230.07,12230.07,12131.5,12131.5,12427.21,12427.21
A-0154-20220914T1035,FULLY-AVAILABLE,MATCH-AT-K,True,True,True,True,True,True,87455,87455,87457,11,2,-1.2222222222222223,12178.0,12178.0,12180.25,12180.25,12173.5,12173.5
A-0155-20220914T1130,FULLY-AVAILABLE,MATCH-AT-K,True,True,True,True,True,True,87460,87460,87468,2,8,-0.6668065904082305,12188.29,12188.29,12093.0,12093.0,12378.86,12378.86
A-0156-20220919T1000,DELAYED,MATCH-AT-K,True,True,True,True,True,True,88275,88275,88278,1,3,0.7665622202327613,11882.27,11882.27,11815.25,11815.25,12016.3,12016.3
A-0157-20220920T1115,FULLY-AVAILABLE,MATCH-AT-K,True,True,True,True,True,True,88568,88568,88569,1,1,1.5000000000000546,11958.39,11958.39,11941.75,11941.75,11991.67,11991.67
A-0158-20220921T0940,FULLY-AVAILABLE,MATCH-AT-K,True,True,True,True,True,True,88825,88825,88826,1,1,-0.0178571428571429,11963.5,11963.5,11977.5,11977.5,11935.49,11935.49
A-0159-20220922T1010,DELAYED,MATCH-AT-K,True,True,True,True,True,True,89103,89103,89108,1,5,0.9578772013326888,11619.72,11619.72,11682.75,11682.75,11493.65,11493.65
A-0160-20221006T1000,FULLY-AVAILABLE,MATCH-AT-K,True,True,True,True,True,True,91861,91861,91866,1,5,-1.010787486515642,11620.6,11620.6,11574.25,11574.25,11713.31,11713.31
A-0161-20221006T1155,DELAYED,MATCH-AT-K,True,True,True,True,True,True,91882,91882,91889,1,7,-1.0197706603400547,11607.29,11607.29,11582.0,11582.0,11657.87,11657.87
A-0162-20221018T1045,DELAYED,MATCH-AT-K,True,True,True,True,True,True,94081,94081,94083,1,2,1.5000000000000124,11250.95,11250.95,11324.25,11324.25,11104.35,11104.35
A-0163-20221019T0940,FULLY-AVAILABLE,MATCH-AT-K,True,True,True,True,True,True,94345,94345,94346,1,1,-1.0153233220962308,11148.63,11148.63,11116.0,11116.0,11213.88,11213.88
A-0164-20221019T1040,DELAYED,MATCH-AT-K,True,True,True,True,True,True,94354,94354,94358,1,4,-1.0071438776968138,11228.99,11228.99,11159.0,11159.0,11368.96,11368.96
A-0165-20221024T1055,FULLY-AVAILABLE,MATCH-AT-K,True,True,True,True,True,True,95178,95178,95189,2,11,-1.0071540992988983,11356.61,11356.61,11426.5,11426.5,11216.84,11216.84
A-0166-20221027T1010,DELAYED,MATCH-AT-K,True,True,True,True,True,True,96003,96003,96008,2,5,1.499999999999984,11407.8,11407.8,11464.5,11464.5,11294.4,11294.4
A-0167-20221101T1025,DELAYED,MATCH-AT-K,True,True,True,True,True,True,96836,96836,96839,1,3,0.9528612379233412,11434.81,11434.81,11529.0,11529.0,11246.44,11246.44
A-0168-20221108T0950,FULLY-AVAILABLE,MATCH-AT-K,True,True,True,True,True,True,98209,98209,98212,1,3,-1.0169090294217114,11064.18,11064.18,11093.75,11093.75,11005.05,11005.05
A-0169-20221111T0940,FULLY-AVAILABLE,MATCH-AT-K,True,True,True,True,True,True,99037,99037,99038,1,1,-0.0101502233049129,11620.12,11620.12,11644.75,11644.75,11570.88,11570.88
A-0170-20221114T1130,FULLY-AVAILABLE,MATCH-AT-K,True,True,True,True,True,True,99332,99332,99336,6,4,-1.0209995800084002,11793.69,11793.69,11817.5,11817.5,11746.06,11746.06
A-0171-20221118T0950,DELAYED,MATCH-AT-K,True,True,True,True,True,True,100419,100419,100420,1,1,1.327752696262858,11763.26,11763.26,11843.0,11843.0,11603.77,11603.77
A-0172-20221122T1010,FULLY-AVAILABLE,MATCH-AT-K,True,True,True,True,True,True,100969,100969,100976,1,7,-1.017787264318747,11603.39,11603.39,11631.5,11631.5,11547.16,11547.16
A-0173-20221128T0950,FULLY-AVAILABLE,MATCH-AT-K,True,True,True,True,True,True,101982,101982,101983,1,1,-1.0070861678004537,11764.06,11764.06,11693.5,11693.5,11905.19,11905.19
A-0174-20221201T1045,DELAYED,MATCH-AT-K,True,True,True,True,True,True,102817,102817,102822,1,5,-0.5487873660462459,11996.62,11996.62,12103.0,12103.0,11783.84,11783.84
A-0175-20221207T0945,FULLY-AVAILABLE,MATCH-AT-K,True,True,True,True,True,True,103912,103912,103914,1,2,-1.0154846701765248,11527.04,11527.04,11494.75,11494.75,11591.64,11591.64
A-0176-20221208T0950,FULLY-AVAILABLE,MATCH-AT-K,True,True,True,True,True,True,104188,104188,104191,1,3,-1.0196001568012545,11547.49,11547.49,11573.0,11573.0,11496.47,11496.47
A-0177-20221209T1110,DELAYED,MATCH-AT-K,True,True,True,True,True,True,104481,104481,104483,1,2,-0.3577494692144423,11675.35,11675.35,11628.25,11628.25,11769.54,11769.54
A-0178-20221212T0945,FULLY-AVAILABLE,MATCH-AT-K,True,True,True,True,True,True,104741,104741,104742,1,1,-1.023397285914833,11577.38,11577.38,11598.75,11598.75,11534.64,11534.64
A-0179-20221213T1045,DELAYED,MATCH-AT-K,True,True,True,True,True,True,105029,105029,105030,1,1,1.5,11988.24,11988.24,12022.5,12022.5,11919.72,11919.72
A-0180-20221216T0945,DELAYED,MATCH-AT-K,True,True,True,True,True,True,105845,105845,105846,1,1,-0.0042574931880109,11421.72,11421.72,11363.0,11363.0,11539.15,11539.15
A-0181-20221223T1100,FULLY-AVAILABLE,MATCH-AT-K,True,True,True,True,True,True,107235,107235,107241,3,6,0.9782608695652129,10995.1,10995.1,10915.75,10915.75,11153.8,11153.8
A-0182-20221228T1025,FULLY-AVAILABLE,MATCH-AT-K,True,True,True,True,True,True,107776,107776,107786,1,10,-1.0118343195266273,10903.5,10903.5,10861.25,10861.25,10988.0,10988.0
A-0183-20230110T0945,FULLY-AVAILABLE,MATCH-AT-K,True,True,True,True,True,True,109984,109984,109986,1,2,1.4999999999999736,11171.86,11171.86,11137.5,11137.5,11240.58,11240.58
A-0184-20230112T1010,FULLY-AVAILABLE,MATCH-AT-K,True,True,True,True,True,True,110537,110537,110543,2,6,-0.0049563838223631,11468.81,11468.81,11519.25,11519.25,11367.94,11367.94
A-0185-20230113T1020,DELAYED,MATCH-AT-K,True,True,True,True,True,True,110820,110820,110821,1,1,1.0995695302264583,11493.43,11493.43,11440.0,11440.0,11600.28,11600.28
A-0186-20230116T1030,FULLY-AVAILABLE,MATCH-AT-K,True,True,True,True,True,True,111095,111095,111099,1,4,1.500314861461021,11592.87,11592.87,11608.75,11608.75,11561.1,11561.1
A-0187-20230117T1130,DELAYED,MATCH-AT-K,True,True,True,True,True,True,111334,111334,111339,2,5,-1.0261506276150616,11602.88,11602.88,11622.0,11622.0,11564.66,11564.66
A-0188-20230119T0940,FULLY-AVAILABLE,MATCH-AT-K,True,True,True,True,True,True,111868,111868,111869,1,1,-1.0144759698899823,11412.54,11412.54,11378.0,11378.0,11481.62,11481.62
A-0189-20230124T0955,FULLY-AVAILABLE,MATCH-AT-K,True,True,True,True,True,True,112699,112699,112700,1,1,-1.0096880449525285,11896.61,11896.61,11845.0,11845.0,11999.84,11999.84
A-0190-20230126T1130,DELAYED,MATCH-AT-K,True,True,True,True,True,True,113269,113269,113271,1,2,-1.0235515779557236,11948.27,11948.27,11969.5,11969.5,11905.8,11905.8
A-0191-20230201T0950,FULLY-AVAILABLE,MATCH-AT-K,True,True,True,True,True,True,114352,114352,114355,1,3,-1.0268096514745313,12137.85,12137.85,12156.5,12156.5,12100.55,12100.55
A-0192-20230201T1130,FULLY-AVAILABLE,MATCH-AT-K,True,True,True,True,True,True,114367,114367,114375,10,8,-0.0102711585866884,12134.16,12134.16,12158.5,12158.5,12085.48,12085.48
A-0193-20230206T0950,FULLY-AVAILABLE,MATCH-AT-K,True,True,True,True,True,True,115182,115182,115183,3,1,1.499826809837166,12524.12,12524.12,12495.25,12495.25,12581.85,12581.85
A-0194-20230208T0945,FULLY-AVAILABLE,MATCH-AT-K,True,True,True,True,True,True,115733,115733,115734,1,1,-1.0142979696883043,12718.22,12718.22,12683.25,12683.25,12788.16,12788.16
A-0195-20230209T0950,DELAYED,MATCH-AT-K,True,True,True,True,True,True,116010,116010,116011,1,1,1.5,12675.43,12675.43,12729.0,12729.0,12568.29,12568.29
A-0196-20230210T1050,FULLY-AVAILABLE,MATCH-AT-K,True,True,True,True,True,True,116291,116291,116299,5,8,-1.0617283950617256,12319.1,12319.1,12311.0,12311.0,12335.29,12335.29
A-0197-20230217T1035,FULLY-AVAILABLE,MATCH-AT-K,True,True,True,True,True,True,117664,117664,117676,1,12,1.5,12403.24,12403.24,12419.5,12419.5,12370.72,12370.72
A-0198-20230221T0950,FULLY-AVAILABLE,MATCH-AT-K,True,True,True,True,True,True,118168,118168,118171,1,3,-0.0152811735941315,12236.36,12236.36,12220.0,12220.0,12269.1,12269.1
A-0199-20230228T1010,FULLY-AVAILABLE,MATCH-AT-K,True,True,True,True,True,True,119553,119553,119555,4,2,1.499880554228356,12082.86,12082.86,12041.0,12041.0,12166.57,12166.57
A-0200-20230302T0940,FULLY-AVAILABLE,MATCH-AT-K,True,True,True,True,True,True,120100,120100,120101,1,1,1.5,11859.09,11859.09,11841.75,11841.75,11893.77,11893.77
A-0201-20230302T1010,FULLY-AVAILABLE,MATCH-AT-K,True,True,True,True,True,True,120106,120106,120107,1,1,-1.0143389733295092,11907.87,11907.87,11873.0,11873.0,11977.61,11977.61
A-0202-20230307T1030,DELAYED,MATCH-AT-K,True,True,True,True,True,True,120934,120934,120939,1,5,1.3764714647593383,12289.39,12289.39,12356.5,12356.5,12155.17,12155.17
A-0203-20230308T1020,FULLY-AVAILABLE,MATCH-AT-K,True,True,True,True,True,True,121205,121205,121213,2,8,-1.02493765586035,12196.45,12196.45,12216.5,12216.5,12156.34,12156.34
A-0204-20230308T1045,FULLY-AVAILABLE,MATCH-AT-K,True,True,True,True,True,True,121215,121215,121218,1,3,0.4758883248730935,12192.6,12192.6,12133.5,12133.5,12310.8,12310.8
A-0205-20230310T1010,FULLY-AVAILABLE,MATCH-AT-K,True,True,True,True,True,True,121757,121757,121763,2,6,1.4998802108289384,11986.26,11986.26,12028.0,12028.0,11902.79,11902.79
A-0206-20230315T0940,FULLY-AVAILABLE,MATCH-AT-K,True,True,True,True,True,True,122584,122584,122585,1,1,-1.0074816699087237,12223.08,12223.08,12156.25,12156.25,12356.75,12356.75
A-0207-20230316T1005,FULLY-AVAILABLE,MATCH-AT-K,True,True,True,True,True,True,122864,122864,122866,1,2,1.5001228501228303,12375.2,12375.2,12334.5,12334.5,12456.61,12456.61
A-0208-20230320T1140,DELAYED,MATCH-AT-K,True,True,True,True,True,True,123434,123434,123437,1,3,-1.016784155756965,12666.54,12666.54,12636.75,12636.75,12726.11,12726.11
A-0209-20230321T1105,DELAYED,MATCH-AT-K,True,True,True,True,True,True,123704,123704,123706,1,2,-1.0253936008125946,12744.56,12744.56,12764.25,12764.25,12705.18,12705.18
A-0210-20230322T0940,FULLY-AVAILABLE,MATCH-AT-K,True,True,True,True,True,True,123964,123964,123965,1,1,1.5,12861.51,12861.51,12850.75,12850.75,12883.03,12883.03
A-0211-20230324T0950,FULLY-AVAILABLE,MATCH-AT-K,True,True,True,True,True,True,124517,124517,124519,2,2,1.4998462484624533,12812.73,12812.73,12845.25,12845.25,12747.7,12747.7
A-0212-20230327T1015,FULLY-AVAILABLE,MATCH-AT-K,True,True,True,True,True,True,124794,124794,124800,3,6,1.4996203492786555,12903.92,12903.92,12890.75,12890.75,12930.25,12930.25
A-0213-20230403T0950,DELAYED,MATCH-AT-K,True,True,True,True,True,True,126174,126174,126175,1,1,-1.0132943366126028,13235.36,13235.36,13197.75,13197.75,13310.57,13310.57
A-0214-20230404T0955,FULLY-AVAILABLE,MATCH-AT-K,True,True,True,True,True,True,126448,126448,126452,1,4,-1.0437828371278457,13285.33,13285.33,13296.75,13296.75,13262.48,13262.48
A-0215-20230406T1020,DELAYED,MATCH-AT-K,True,True,True,True,True,True,127008,127008,127009,1,1,1.500093597903409,13034.67,13034.67,12981.25,12981.25,13141.52,13141.52
A-0216-20230412T1010,FULLY-AVAILABLE,MATCH-AT-K,True,True,True,True,True,True,128013,128013,128018,1,5,0.851959161147908,13108.52,13108.52,13181.0,13181.0,12963.56,12963.56
A-0217-20230414T1005,FULLY-AVAILABLE,MATCH-AT-K,True,True,True,True,True,True,128564,128564,128569,1,5,-1.0112561909049975,13171.92,13171.92,13127.5,13127.5,13260.77,13260.77
A-0218-20230417T0940,FULLY-AVAILABLE,MATCH-AT-K,True,True,True,True,True,True,128839,128839,128840,1,1,-1.0246669955599403,13165.52,13165.52,13145.25,13145.25,13206.07,13206.07
A-0219-20230419T0950,FULLY-AVAILABLE,MATCH-AT-K,True,True,True,True,True,True,129391,129391,129394,1,3,1.5002182453077306,13097.91,13097.91,13075.0,13075.0,13143.74,13143.74
A-0220-20230420T1035,FULLY-AVAILABLE,MATCH-AT-K,True,True,True,True,True,True,129674,129674,129679,1,5,-0.0117591721542802,13123.26,13123.26,13102.0,13102.0,13165.78,13165.78
A-0221-20230424T1055,DELAYED,MATCH-AT-K,True,True,True,True,True,True,130233,130233,130235,1,2,-0.3071030640668453,13026.7,13026.7,13098.5,13098.5,12883.08,12883.08
A-0222-20230425T0945,FULLY-AVAILABLE,MATCH-AT-K,True,True,True,True,True,True,130496,130496,130497,2,1,-1.043402777777776,12991.52,12991.52,12980.0,12980.0,13014.55,13014.55
A-0223-20230428T1055,FULLY-AVAILABLE,MATCH-AT-K,True,True,True,True,True,True,131329,131329,131339,5,10,1.4996125532739517,13197.56,13197.56,13171.75,13171.75,13249.16,13249.16
A-0224-20230428T1110,FULLY-AVAILABLE,MATCH-AT-K,True,True,True,True,True,True,131341,131341,131342,1,1,-1.0077555452148286,13203.53,13203.53,13268.0,13268.0,13074.59,13074.59
A-0225-20230501T1110,FULLY-AVAILABLE,MATCH-AT-K,True,True,True,True,True,True,131615,131615,131618,2,3,-1.0236406619385348,13300.15,13300.15,13279.0,13279.0,13342.46,13342.46
A-0226-20230502T0950,DELAYED,MATCH-AT-K,True,True,True,True,True,True,131876,131876,131878,1,2,1.5003028467595465,13297.24,13297.24,13313.75,13313.75,13264.21,13264.21
A-0227-20230509T1005,FULLY-AVAILABLE,MATCH-AT-K,True,True,True,True,True,True,133259,133259,133261,3,2,-1.0314861460957194,13289.88,13289.88,13274.0,13274.0,13321.65,13321.65
A-0228-20230515T1035,FULLY-AVAILABLE,MATCH-AT-K,True,True,True,True,True,True,134363,134363,134371,1,8,-1.014505366985785,13394.28,13394.28,13428.75,13428.75,13325.34,13325.34
A-0229-20230516T1010,FULLY-AVAILABLE,MATCH-AT-K,True,True,True,True,True,True,134636,134636,134642,2,6,1.4996785599485334,13456.86,13456.86,13425.75,13425.75,13519.06,13519.06
A-0230-20230517T1045,FULLY-AVAILABLE,MATCH-AT-K,True,True,True,True,True,True,134913,134913,134925,3,12,-1.0394321766561505,13527.82,13527.82,13540.5,13540.5,13502.47,13502.47
A-0231-20230522T1005,FULLY-AVAILABLE,MATCH-AT-K,True,True,True,True,True,True,135739,135739,135745,1,6,1.5000000000000409,13866.48,13866.48,13844.25,13844.25,13910.94,13910.94
A-0232-20230523T1015,DELAYED,MATCH-AT-K,True,True,True,True,True,True,136022,136022,136023,1,1,-1.0565610859728498,13858.84,13858.84,13850.0,13850.0,13876.53,13876.53
A-0233-20230525T1000,DELAYED,MATCH-AT-K,True,True,True,True,True,True,136569,136569,136572,1,3,-1.0065265631118652,13889.64,13889.64,13966.25,13966.25,13736.4,13736.4
A-0234-20230529T1055,FULLY-AVAILABLE,MATCH-AT-K,True,True,True,True,True,True,137134,137134,137135,1,1,-1.0682128240109148,14385.33,14385.33,14378.0,14378.0,14399.99,14399.99
A-0235-20230530T1010,DELAYED,MATCH-AT-K,True,True,True,True,True,True,137353,137353,137354,1,1,1.0994848679974294,14439.6,14439.6,14517.25,14517.25,14284.28,14284.28
A-0236-20230531T1010,FULLY-AVAILABLE,MATCH-AT-K,True,True,True,True,True,True,137623,137623,137630,1,7,-1.020593080724876,14341.78,14341.78,14317.5,14317.5,14390.35,14390.35
A-0237-20230601T1020,FULLY-AVAILABLE,MATCH-AT-K,True,True,True,True,True,True,137904,137904,137908,5,4,1.4999999999999658,14278.19,14278.19,14251.5,14251.5,14331.57,14331.57
A-0238-20230602T1010,FULLY-AVAILABLE,MATCH-AT-K,True,True,True,True,True,True,138181,138181,138182,2,1,-0.5496215755249949,14517.19,14517.19,14611.0,14611.0,14329.56,14329.56
A-0239-20230615T1000,DELAYED,MATCH-AT-K,True,True,True,True,True,True,140663,140663,140664,1,1,1.5000981161695648,15194.96,15194.96,15144.0,15144.0,15296.89,15296.89
A-0240-20230616T0950,DELAYED,MATCH-AT-K,True,True,True,True,True,True,140937,140937,140938,1,1,0.1594631932109713,15374.66,15374.66,15476.0,15476.0,15171.98,15171.98
A-0241-20230620T0955,FULLY-AVAILABLE,MATCH-AT-K,True,True,True,True,True,True,141439,141439,141443,1,4,-1.0188893086513038,15230.47,15230.47,15204.0,15204.0,15283.41,15283.41
A-0242-20230628T0945,FULLY-AVAILABLE,MATCH-AT-K,True,True,True,True,True,True,143095,143095,143097,1,2,1.4997560975609705,15045.5,15045.5,15025.0,15025.0,15086.49,15086.49
A-0243-20230704T1120,FULLY-AVAILABLE,MATCH-AT-K,True,True,True,True,True,True,144165,144165,144175,1,10,0.8099613152804528,15350.91,15350.91,15361.25,15361.25,15330.22,15330.22
A-0244-20230710T0940,FULLY-AVAILABLE,MATCH-AT-K,True,True,True,True,True,True,145210,145210,145211,1,1,-1.0214961306964745,15183.26,15183.26,15160.0,15160.0,15229.79,15229.79
A-0245-20230710T1005,FULLY-AVAILABLE,MATCH-AT-K,True,True,True,True,True,True,145213,145213,145216,1,3,0.6520988080843044,15154.36,15154.36,15212.25,15212.25,15038.58,15038.58
A-0246-20230711T1045,FULLY-AVAILABLE,MATCH-AT-K,True,True,True,True,True,True,145488,145488,145500,1,12,-0.0081142486205778,15203.19,15203.19,15234.0,15234.0,15141.57,15141.57
A-0247-20230720T1000,FULLY-AVAILABLE,MATCH-AT-K,True,True,True,True,True,True,147419,147419,147423,2,4,-1.013210039630119,15851.6,15851.6,15813.75,15813.75,15927.29,15927.29
A-0248-20230721T1010,DELAYED,MATCH-AT-K,True,True,True,True,True,True,147699,147699,147701,1,2,0.0527650938609823,15626.66,15626.66,15705.5,15705.5,15468.97,15468.97
A-0249-20230724T1010,DELAYED,MATCH-AT-K,True,True,True,True,True,True,147974,147974,147977,1,3,-0.6810889005786465,15536.21,15536.21,15612.25,15612.25,15384.13,15384.13
A-0250-20230727T1035,FULLY-AVAILABLE,MATCH-AT-K,True,True,True,True,True,True,148809,148809,148810,1,1,-1.0095638867635806,15801.22,15801.22,15853.5,15853.5,15696.65,15696.65
A-0251-20230731T1005,DELAYED,MATCH-AT-K,True,True,True,True,True,True,149355,149355,149356,1,1,-0.1319444444444545,15836.38,15836.38,15905.5,15905.5,15698.16,15698.16
A-0252-20230801T1055,DELAYED,MATCH-AT-K,True,True,True,True,True,True,149640,149640,149642,1,2,0.8197889934416949,15811.07,15811.07,15776.0,15776.0,15881.2,15881.2
A-0253-20230803T1010,FULLY-AVAILABLE,MATCH-AT-K,True,True,True,True,True,True,150181,150181,150185,1,4,-1.0112892300745089,15407.04,15407.04,15362.75,15362.75,15495.63,15495.63
A-0254-20230807T1005,DELAYED,MATCH-AT-K,True,True,True,True,True,True,150734,150734,150736,2,2,1.5,15416.09,15416.09,15449.25,15449.25,15349.77,15349.77
A-0255-20230810T1040,FULLY-AVAILABLE,MATCH-AT-K,True,True,True,True,True,True,151561,151561,151571,1,10,-1.0156103652825472,15346.28,15346.28,15314.25,15314.25,15410.36,15410.36
A-0256-20230811T1025,FULLY-AVAILABLE,MATCH-AT-K,True,True,True,True,True,True,151843,151843,151844,1,1,-1.0087950747581351,15144.35,15144.35,15087.5,15087.5,15258.05,15258.05
A-0257-20230816T1000,FULLY-AVAILABLE,MATCH-AT-K,True,True,True,True,True,True,152664,152664,152667,2,3,1.5000000000000342,15077.05,15077.05,15050.5,15050.5,15130.15,15130.15
A-0258-20230816T1045,FULLY-AVAILABLE,MATCH-AT-K,True,True,True,True,True,True,152675,152675,152676,5,1,-1.0144133756125682,15112.69,15112.69,15078.0,15078.0,15182.07,15182.07
A-0259-20230817T1000,DELAYED,MATCH-AT-K,True,True,True,True,True,True,152942,152942,152943,1,1,1.500134625740469,14938.61,14938.61,14975.75,14975.75,14864.32,14864.32
A-0260-20230822T1010,DELAYED,MATCH-AT-K,True,True,True,True,True,True,153769,153769,153773,1,4,1.5,15041.09,15041.09,15079.25,15079.25,14964.77,14964.77
A-0261-20230823T0940,FULLY-AVAILABLE,MATCH-AT-K,True,True,True,True,True,True,154042,154042,154043,1,1,1.5003571428571507,15013.0,15013.0,14999.0,14999.0,15041.01,15041.01
A-0262-20230824T1000,DELAYED,MATCH-AT-K,True,True,True,True,True,True,154320,154320,154323,1,3,1.4999999999999916,15231.72,15231.72,15340.25,15340.25,15014.66,15014.66
A-0263-20230825T1135,FULLY-AVAILABLE,MATCH-AT-K,True,True,True,True,True,True,154607,154607,154618,1,11,-0.0055840964931873,14874.23,14874.23,14919.0,14919.0,14784.69,14784.69
A-0264-20230828T1000,FULLY-AVAILABLE,MATCH-AT-K,True,True,True,True,True,True,154874,154874,154875,1,1,-1.012183235867446,15043.21,15043.21,15084.25,15084.25,14961.14,14961.14
A-0265-20230830T1020,FULLY-AVAILABLE,MATCH-AT-K,True,True,True,True,True,True,155425,155425,155431,4,6,-1.084033613445368,15411.95,15411.95,15406.0,15406.0,15423.86,15423.86
A-0266-20230901T0955,DELAYED,MATCH-AT-K,True,True,True,True,True,True,155977,155977,155978,1,1,0.5066026410564357,15535.7,15535.7,15619.0,15619.0,15369.1,15369.1
A-0267-20230904T1110,DELAYED,MATCH-AT-K,True,True,True,True,True,True,156267,156267,156269,1,2,0.1682242990653659,15526.63,15526.63,15543.75,15543.75,15492.4,15492.4
A-0268-20230905T1130,DELAYED,MATCH-AT-K,True,True,True,True,True,True,156495,156495,156501,2,6,0.7142857142857255,15530.8,15530.8,15484.25,15484.25,15623.91,15623.91
A-0269-20230911T1000,DELAYED,MATCH-AT-K,True,True,True,True,True,True,157586,157586,157587,1,1,1.5003180661578257,15384.78,15384.78,15400.5,15400.5,15353.33,15353.33
A-0270-20230912T1020,FULLY-AVAILABLE,MATCH-AT-K,True,True,True,True,True,True,157862,157862,157867,4,5,-1.0143184421534936,15423.42,15423.42,15388.5,15388.5,15493.25,15493.25
A-0271-20230914T1035,FULLY-AVAILABLE,MATCH-AT-K,True,True,True,True,True,True,158413,158413,158422,4,9,-1.013642564802183,15611.6,15611.6,15648.25,15648.25,15538.3,15538.3
A-0272-20230918T1035,FULLY-AVAILABLE,MATCH-AT-K,True,True,True,True,True,True,158962,158962,158974,1,12,1.5000000000000306,15372.14,15372.14,15342.5,15342.5,15431.42,15431.42
A-0273-20230922T0945,FULLY-AVAILABLE,MATCH-AT-K,True,True,True,True,True,True,160066,160066,160068,1,2,-1.0151745068285278,14925.8,14925.8,14958.75,14958.75,14859.9,14859.9
A-0274-20230927T1020,DELAYED,MATCH-AT-K,True,True,True,True,True,True,160901,160901,160903,1,2,1.5000934055669568,14730.97,14730.97,14784.5,14784.5,14623.9,14623.9
A-0275-20230928T1030,FULLY-AVAILABLE,MATCH-AT-K,True,True,True,True,True,True,161173,161173,161181,4,8,1.5004434589800943,14683.3,14683.3,14660.75,14660.75,14728.42,14728.42
A-0276-20231002T0950,FULLY-AVAILABLE,MATCH-AT-K,True,True,True,True,True,True,161723,161723,161725,1,2,0.4577944179714046,14920.7,14920.7,14847.25,14847.25,15067.6,15067.6
A-0277-20231003T1000,FULLY-AVAILABLE,MATCH-AT-K,True,True,True,True,True,True,162002,162002,162003,1,1,-1.0094161958568737,14944.85,14944.85,14891.75,14891.75,15051.05,15051.05
A-0278-20231009T1000,DELAYED,MATCH-AT-K,True,True,True,True,True,True,163105,163105,163107,1,2,1.4443120905300648,15032.95,15032.95,14949.0,14949.0,15200.85,15200.85
A-0279-20231012T1020,DELAYED,MATCH-AT-K,True,True,True,True,True,True,163938,163938,163939,1,1,-1.008847991505928,15431.51,15431.51,15375.0,15375.0,15544.53,15544.53
A-0280-20231013T1220,FULLY-AVAILABLE,MATCH-AT-K,True,True,True,True,True,True,164228,164228,164239,1,11,1.4999999999999738,15175.39,15175.39,15210.0,15210.0,15106.17,15106.17
A-0281-20231018T0940,FULLY-AVAILABLE,MATCH-AT-K,True,True,True,True,True,True,165034,165034,165035,1,1,-1.0201126307320991,15149.11,15149.11,15124.25,15124.25,15198.83,15198.83
A-0282-20231018T1030,FULLY-AVAILABLE,MATCH-AT-K,True,True,True,True,True,True,165042,165042,165045,4,3,-1.0190041809198027,15148.31,15148.31,15122.0,15122.0,15200.93,15200.93
A-0283-20231023T1015,DELAYED,MATCH-AT-K,True,True,True,True,True,True,165869,165869,165870,1,1,1.500000000000027,14639.31,14639.31,14606.0,14606.0,14705.93,14705.93
A-0284-20231027T1000,DELAYED,MATCH-AT-K,True,True,True,True,True,True,166968,166968,166971,1,3,-1.0358937544867186,14335.82,14335.82,14349.75,14349.75,14307.98,14307.98
A-0285-20231030T1015,FULLY-AVAILABLE,MATCH-AT-K,True,True,True,True,True,True,167242,167242,167250,1,8,-1.016784155756965,14364.04,14364.04,14334.25,14334.25,14423.61,14423.61
A-0286-20231031T1010,FULLY-AVAILABLE,MATCH-AT-K,True,True,True,True,True,True,167518,167518,167525,1,7,-0.0076710647437864,14396.66,14396.66,14429.25,14429.25,14331.48,14331.48
A-0287-20231109T0950,FULLY-AVAILABLE,MATCH-AT-K,True,True,True,True,True,True,169450,169450,169453,1,3,-1.0273522975929967,15401.72,15401.72,15420.0,15420.0,15365.15,15365.15
A-0288-20231115T1020,FULLY-AVAILABLE,MATCH-AT-K,True,True,True,True,True,True,170557,170557,170563,4,6,1.500324464633362,15951.59,15951.59,15967.0,15967.0,15920.76,15920.76
A-0289-20231128T1010,FULLY-AVAILABLE,MATCH-AT-K,True,True,True,True,True,True,172950,172950,172952,6,2,1.4988518943744662,15974.96,15974.96,15966.25,15966.25,15992.36,15992.36
A-0290-20231128T1050,DELAYED,MATCH-AT-K,True,True,True,True,True,True,172959,172959,172960,1,1,-1.0095638867635806,16023.03,16023.03,15970.75,15970.75,16127.6,16127.6
A-0291-20231129T1030,DELAYED,MATCH-AT-K,True,True,True,True,True,True,173229,173229,173232,1,3,0.5472127417519973,16116.1,16116.1,16204.0,16204.0,15940.29,15940.29
A-0292-20231205T1025,DELAYED,MATCH-AT-K,True,True,True,True,True,True,174331,174331,174335,1,4,1.4999999999999782,15874.1,15874.1,15832.5,15832.5,15957.3,15957.3
A-0293-20231206T1110,FULLY-AVAILABLE,MATCH-AT-K,True,True,True,True,True,True,174610,174610,174620,1,10,1.5001910584638942,15947.58,15947.58,15973.75,15973.75,15895.23,15895.23
A-0294-20231208T0950,FULLY-AVAILABLE,MATCH-AT-K,True,True,True,True,True,True,175155,175155,175156,1,1,1.50000000000002,15992.22,15992.22,15946.75,15946.75,16083.16,16083.16
A-0295-20231212T0945,FULLY-AVAILABLE,MATCH-AT-K,True,True,True,True,True,True,175705,175705,175707,1,2,-1.0187899285982709,16222.39,16222.39,16249.0,16249.0,16169.17,16169.17
A-0296-20231214T1025,DELAYED,MATCH-AT-K,True,True,True,True,True,True,176266,176266,176267,1,1,1.5,16811.32,16811.32,16841.25,16841.25,16751.46,16751.46
A-0297-20231220T1115,FULLY-AVAILABLE,MATCH-AT-K,True,True,True,True,True,True,177369,177369,177381,1,12,-0.0097012029491655,17034.27,17034.27,17008.5,17008.5,17085.81,17085.81
A-0298-20231221T1010,FULLY-AVAILABLE,MATCH-AT-K,True,True,True,True,True,True,177643,177643,177644,1,1,-1.011904761904762,16887.25,16887.25,16929.25,16929.25,16803.25,16803.25
A-0299-20231228T1030,FULLY-AVAILABLE,MATCH-AT-K,True,True,True,True,True,True,178743,178743,178752,1,9,0.5681818181818317,17128.7,17128.7,17159.5,17159.5,17067.11,17067.11
A-0300-20231229T1030,FULLY-AVAILABLE,MATCH-AT-K,True,True,True,True,True,True,179018,179018,179028,2,10,-1.1824817518247108,17083.49,17083.49,17080.75,17080.75,17088.98,17088.98
A-0301-20240104T1130,DELAYED,MATCH-AT-K,True,True,True,True,True,True,179864,179864,179868,1,4,-1.0163291966035275,16547.87,16547.87,16517.25,16517.25,16609.12,16609.12
A-0302-20240105T0940,FULLY-AVAILABLE,MATCH-AT-K,True,True,True,True,True,True,180121,180121,180122,1,1,1.499999999999941,16456.24,16456.24,16425.5,16425.5,16517.72,16517.72
A-0303-20240112T1105,DELAYED,MATCH-AT-K,True,True,True,True,True,True,181515,181515,181519,3,4,-1.0252143217347431,16970.42,16970.42,16990.25,16990.25,16930.76,16930.76
A-0304-20240116T0955,FULLY-AVAILABLE,MATCH-AT-K,True,True,True,True,True,True,182007,182007,182009,1,2,-1.0099166997223328,16896.33,16896.33,16946.75,16946.75,16795.5,16795.5
A-0305-20240116T1035,FULLY-AVAILABLE,MATCH-AT-K,True,True,True,True,True,True,182015,182015,182017,1,2,-1.008500510030602,16976.32,16976.32,16917.5,16917.5,17093.95,17093.95
A-0306-20240122T0940,FULLY-AVAILABLE,MATCH-AT-K,True,True,True,True,True,True,183109,183109,183110,1,1,-1.0156445556946188,17546.46,17546.46,17514.5,17514.5,17610.39,17610.39
A-0307-20240122T1000,FULLY-AVAILABLE,MATCH-AT-K,True,True,True,True,True,True,183112,183112,183114,1,2,-0.0126390293225487,17511.28,17511.28,17491.5,17491.5,17550.85,17550.85
A-0308-20240123T0940,FULLY-AVAILABLE,MATCH-AT-K,True,True,True,True,True,True,183385,183385,183386,1,1,-0.0081539465101109,17462.84,17462.84,17493.5,17493.5,17401.53,17401.53
A-0309-20240124T0955,FULLY-AVAILABLE,MATCH-AT-K,True,True,True,True,True,True,183661,183661,183665,1,4,-0.0127485976542576,17676.39,17676.39,17696.0,17696.0,17637.17,17637.17
A-0310-20240129T1000,FULLY-AVAILABLE,MATCH-AT-K,True,True,True,True,True,True,184489,184489,184494,1,5,-1.0298864315600724,17545.98,17545.98,17529.25,17529.25,17579.45,17579.45
A-0311-20240130T0955,FULLY-AVAILABLE,MATCH-AT-K,True,True,True,True,True,True,184765,184765,184769,1,4,-1.0280583613916952,17665.07,17665.07,17647.25,17647.25,17700.71,17700.71
A-0312-20240209T0940,FULLY-AVAILABLE,MATCH-AT-K,True,True,True,True,True,True,186973,186973,186974,1,1,-1.015413070283601,17898.56,17898.56,17931.0,17931.0,17833.67,17833.67
A-0313-20240212T0945,FULLY-AVAILABLE,MATCH-AT-K,True,True,True,True,True,True,187250,187250,187251,2,1,1.499675535366697,18022.16,18022.16,18006.75,18006.75,18052.97,18052.97
A-0314-20240215T0950,DELAYED,MATCH-AT-K,True,True,True,True,True,True,188079,188079,188080,1,1,-0.005886508123381,17861.28,17861.28,17903.75,17903.75,17776.33,17776.33
A-0315-20240219T1100,DELAYED,MATCH-AT-K,True,True,True,True,True,True,188643,188643,188646,1,3,-1.055493895671486,17779.99,17779.99,17789.0,17789.0,17761.97,17761.97
A-0316-20240221T1025,FULLY-AVAILABLE,MATCH-AT-K,True,True,True,True,True,True,189138,189138,189143,3,5,-0.0098853301700273,17473.04,17473.04,17447.75,17447.75,17523.62,17523.62
A-0317-20240223T1125,DELAYED,MATCH-AT-K,True,True,True,True,True,True,189703,189703,189707,1,4,-1.0097389949357225,18004.16,18004.16,18055.5,18055.5,17901.48,17901.48
A-0318-20240227T1000,FULLY-AVAILABLE,MATCH-AT-K,True,True,True,True,True,True,190237,190237,190242,1,5,-0.0145518044237482,18010.57,18010.57,18027.75,18027.75,17976.22,17976.22
A-0319-20240227T1155,FULLY-AVAILABLE,MATCH-AT-K,True,True,True,True,True,True,190259,190259,190265,5,6,1.5000000000000742,18000.99,18000.99,18025.5,18025.5,17951.97,17951.97
A-0320-20240229T1025,FULLY-AVAILABLE,MATCH-AT-K,True,True,True,True,True,True,190797,190797,190799,1,2,1.5,18026.41,18026.41,18071.0,18071.0,17937.23,17937.23
A-0321-20240301T0945,FULLY-AVAILABLE,MATCH-AT-K,True,True,True,True,True,True,191065,191065,191067,1,2,1.4999999999999294,18110.72,18110.72,18085.0,18085.0,18162.16,18162.16
A-0322-20240301T1030,FULLY-AVAILABLE,MATCH-AT-K,True,True,True,True,True,True,191072,191072,191076,1,4,1.4997321906802297,18146.84,18146.84,18109.5,18109.5,18221.5,18221.5
A-0323-20240306T1050,FULLY-AVAILABLE,MATCH-AT-K,True,True,True,True,True,True,191897,191897,191908,1,11,-1.0103092783505154,18066.75,18066.75,18115.25,18115.25,17969.76,17969.76
A-0324-20240308T1120,DELAYED,MATCH-AT-K,True,True,True,True,True,True,192465,192465,192466,1,1,1.4999999999999838,18273.55,18273.55,18385.75,18385.75,18049.15,18049.15
A-0325-20240312T1005,FULLY-AVAILABLE,MATCH-AT-K,True,True,True,True,True,True,192997,192997,193003,1,6,-1.0136165577342044,18057.28,18057.28,18094.0,18094.0,17983.84,17983.84
A-0326-20240314T1005,DELAYED,MATCH-AT-K,True,True,True,True,True,True,193553,193553,193555,1,2,-0.4027173498206171,18260.99,18260.99,18392.0,18392.0,17998.96,17998.96
A-0327-20240320T1025,FULLY-AVAILABLE,MATCH-AT-K,True,True,True,True,True,True,194654,194654,194663,1,9,-1.010692899914457,18288.24,18288.24,18335.0,18335.0,18194.73,18194.73
A-0328-20240321T1015,DELAYED,MATCH-AT-K,True,True,True,True,True,True,194936,194936,194937,1,1,-0.0186289120715374,18655.08,18655.08,18668.5,18668.5,18628.25,18628.25
A-0329-20240321T1130,FULLY-AVAILABLE,MATCH-AT-K,True,True,True,True,True,True,194947,194947,194952,8,5,-1.0170532060027286,18658.68,18658.68,18688.0,18688.0,18600.04,18600.04
A-0330-20240401T1020,FULLY-AVAILABLE,MATCH-AT-K,True,True,True,True,True,True,196585,196585,196594,1,9,-1.0135317997293638,18518.2,18518.2,18481.25,18481.25,18592.11,18592.11
A-0331-20240404T1125,FULLY-AVAILABLE,MATCH-AT-K,True,True,True,True,True,True,197433,197433,197435,1,2,-1.0324044069993512,18494.32,18494.32,18509.75,18509.75,18463.45,18463.45
A-0332-20240408T1000,FULLY-AVAILABLE,MATCH-AT-K,True,True,True,True,True,True,197965,197965,197970,1,5,-1.0088339222614844,18306.9,18306.9,18363.5,18363.5,18193.7,18193.7
A-0333-20240409T1100,DELAYED,MATCH-AT-K,True,True,True,True,True,True,198254,198254,198258,1,4,-0.2254153569824817,18221.88,18221.88,18355.5,18355.5,17954.62,17954.62
A-0334-20240411T1030,FULLY-AVAILABLE,MATCH-AT-K,True,True,True,True,True,True,198801,198801,198804,1,3,-1.0101874490627545,18216.67,18216.67,18265.75,18265.75,18118.52,18118.52
A-0335-20240419T1045,DELAYED,MATCH-AT-K,True,True,True,True,True,True,200458,200458,200463,1,5,1.4999079189687072,17406.95,17406.95,17461.25,17461.25,17298.36,17298.36
A-0336-20240422T1035,DELAYED,MATCH-AT-K,True,True,True,True,True,True,200736,200736,200737,1,1,-1.0068653027598515,17204.92,17204.92,17277.75,17277.75,17059.27,17059.27
A-0337-20240425T1030,FULLY-AVAILABLE,MATCH-AT-K,True,True,True,True,True,True,201561,201561,201564,1,3,1.5000000000000278,17394.46,17394.46,17329.0,17329.0,17525.38,17525.38
A-0338-20240429T1030,FULLY-AVAILABLE,MATCH-AT-K,True,True,True,True,True,True,202106,202106,202116,1,10,0.7313362976831341,17906.77,17906.77,17949.5,17949.5,17821.31,17821.31
A-0339-20240430T0950,FULLY-AVAILABLE,MATCH-AT-K,True,True,True,True,True,True,202383,202383,202384,1,1,-0.0071674311926603,17858.38,17858.38,17823.5,17823.5,17928.13,17928.13
A-0340-20240508T1115,FULLY-AVAILABLE,MATCH-AT-K,True,True,True,True,True,True,204047,204047,204057,1,10,-1.0153515505066013,18183.57,18183.57,18151.0,18151.0,18248.7,18248.7
A-0341-20240509T1000,FULLY-AVAILABLE,MATCH-AT-K,True,True,True,True,True,True,204314,204314,204318,1,4,-1.012248897599216,18163.68,18163.68,18204.5,18204.5,18082.04,18082.04
A-0342-20240510T1040,DELAYED,MATCH-AT-K,True,True,True,True,True,True,204599,204599,204602,1,3,0.6392517157405605,18249.58,18249.58,18294.75,18294.75,18159.25,18159.25
A-0343-20240513T0955,DELAYED,MATCH-AT-K,True,True,True,True,True,True,204867,204867,204869,1,2,-0.0238704177323345,18278.1,18278.1,18336.75,18336.75,18160.79,18160.79
A-0344-20240514T0955,DELAYED,MATCH-AT-K,True,True,True,True,True,True,205142,205142,205145,1,3,1.499823881648496,18293.39,18293.39,18265.0,18265.0,18350.16,18350.16
A-0345-20240521T1135,FULLY-AVAILABLE,MATCH-AT-K,True,True,True,True,True,True,206542,206542,206545,6,3,-1.054112554112545,18746.99,18746.99,18737.75,18737.75,18765.48,18765.48
A-0346-20240523T1010,DELAYED,MATCH-AT-K,True,True,True,True,True,True,207077,207077,207080,1,3,1.4999999999999685,18888.17,18888.17,18945.75,18945.75,18773.01,18773.01
A-0347-20240529T1020,DELAYED,MATCH-AT-K,True,True,True,True,True,True,208136,208136,208138,3,2,0.8347000937207065,18823.93,18823.93,18781.25,18781.25,18909.29,18909.29
A-0348-20240530T0945,FULLY-AVAILABLE,MATCH-AT-K,True,True,True,True,True,True,208405,208405,208407,1,2,1.499819102749667,18746.11,18746.11,18773.75,18773.75,18690.84,18690.84
A-0349-20240603T1015,FULLY-AVAILABLE,MATCH-AT-K,True,True,True,True,True,True,208962,208962,208965,1,3,1.4999035121574835,18704.18,18704.18,18756.0,18756.0,18600.55,18600.55
A-0350-20240604T1030,FULLY-AVAILABLE,MATCH-AT-K,True,True,True,True,True,True,209240,209240,209244,2,4,1.5001618646811596,18633.61,18633.61,18664.5,18664.5,18571.82,18571.82
A-0351-20240606T1035,FULLY-AVAILABLE,MATCH-AT-K,True,True,True,True,True,True,209787,209787,209797,3,10,1.4999999999998983,19097.6,19097.6,19115.5,19115.5,19061.8,19061.8
A-0352-20240607T1100,FULLY-AVAILABLE,MATCH-AT-K,True,True,True,True,True,True,210074,210074,210078,1,4,-1.014718869590815,19060.97,19060.97,19027.0,19027.0,19128.91,19128.91
A-0353-20240613T1030,DELAYED,MATCH-AT-K,True,True,True,True,True,True,211174,211174,211176,1,2,0.4373984940203778,19577.52,19577.52,19645.25,19645.25,19442.05,19442.05
A-0354-20240614T1035,FULLY-AVAILABLE,MATCH-AT-K,True,True,True,True,True,True,211442,211442,211453,1,11,1.499810390595404,19583.12,19583.12,19556.75,19556.75,19635.85,19635.85
A-0355-20240619T1045,FULLY-AVAILABLE,MATCH-AT-K,True,True,True,True,True,True,212280,212280,212283,9,3,-1.0474833808167194,20237.72,20237.72,20248.25,20248.25,20216.64,20216.64
A-0356-20240620T0940,FULLY-AVAILABLE,MATCH-AT-K,True,True,True,True,True,True,212497,212497,212498,1,1,-1.0261917234154003,20236.16,20236.16,20255.25,20255.25,20197.97,20197.97
A-0357-20240625T0940,FULLY-AVAILABLE,MATCH-AT-K,True,True,True,True,True,True,213325,213325,213326,1,1,-1.0213037920749883,19823.03,19823.03,19846.5,19846.5,19776.1,19776.1
A-0358-20240626T1025,FULLY-AVAILABLE,MATCH-AT-K,True,True,True,True,True,True,213607,213607,213611,4,4,-1.0109577032653954,19965.88,19965.88,19920.25,19920.25,20057.12,20057.12
A-0359-20240628T1100,FULLY-AVAILABLE,MATCH-AT-K,True,True,True,True,True,True,214158,214158,214170,5,12,-1.008536793580331,20097.32,20097.32,20038.75,20038.75,20214.46,20214.46
A-0360-20240711T1105,DELAYED,MATCH-AT-K,True,True,True,True,True,True,216561,216561,216562,1,1,1.5002153316107243,20633.06,20633.06,20679.5,20679.5,20540.16,20540.16
A-0361-20240718T1000,FULLY-AVAILABLE,MATCH-AT-K,True,True,True,True,True,True,217926,217926,217929,1,3,1.499925048718345,20083.04,20083.04,20149.75,20149.75,19949.63,19949.63
A-0362-20240726T0955,FULLY-AVAILABLE,MATCH-AT-K,True,True,True,True,True,True,219583,219583,219584,1,1,-1.0181290790427835,19118.42,19118.42,19146.0,19146.0,19063.27,19063.27
A-0363-20240730T1005,DELAYED,MATCH-AT-K,True,True,True,True,True,True,220137,220137,220138,1,1,1.5,19213.89,19213.89,19267.5,19267.5,19106.67,19106.67
A-0364-20240801T1005,FULLY-AVAILABLE,MATCH-AT-K,True,True,True,True,True,True,220686,220686,220690,1,4,-1.0058356676003737,19590.18,19590.18,19504.5,19504.5,19761.55,19761.55
A-0365-20240802T0945,FULLY-AVAILABLE,MATCH-AT-K,True,True,True,True,True,True,220961,220961,220962,1,1,-1.0074117995849394,18608.96,18608.96,18541.5,18541.5,18743.87,18743.87
A-0366-20240805T1010,FULLY-AVAILABLE,MATCH-AT-K,True,True,True,True,True,True,221242,221242,221243,1,1,-1.0055809800200914,17947.59,17947.59,17858.0,17858.0,18126.77,18126.77
A-0367-20240806T1015,DELAYED,MATCH-AT-K,True,True,True,True,True,True,221519,221519,221520,1,1,1.500078678206153,18165.3,18165.3,18101.75,18101.75,18292.41,18292.41
A-0368-20240808T1055,DELAYED,MATCH-AT-K,True,True,True,True,True,True,222079,222079,222080,1,1,-0.0101832993890023,18387.3,18387.3,18362.75,18362.75,18436.4,18436.4
A-0369-20240809T1030,FULLY-AVAILABLE,MATCH-AT-K,True,True,True,True,True,True,222347,222347,222351,8,4,1.4999999999999345,18454.29,18454.29,18426.5,18426.5,18509.87,18509.87
A-0370-20240812T1005,FULLY-AVAILABLE,MATCH-AT-K,True,True,True,True,True,True,222617,222617,222622,1,5,-1.0136724090784797,18636.43,18636.43,18673.0,18673.0,18563.28,18563.28
A-0371-20240816T1025,FULLY-AVAILABLE,MATCH-AT-K,True,True,True,True,True,True,223729,223729,223730,1,1,-1.0121862052156962,19566.28,19566.28,19525.25,19525.25,19648.35,19648.35
A-0372-20240819T0940,FULLY-AVAILABLE,MATCH-AT-K,True,True,True,True,True,True,223996,223996,223997,1,1,-0.0061881188118809,19591.85,19591.85,19632.25,19632.25,19511.05,19511.05
A-0373-20240820T1010,FULLY-AVAILABLE,MATCH-AT-K,True,True,True,True,True,True,224275,224275,224279,4,4,-1.0144466917075987,19846.36,19846.36,19811.75,19811.75,19915.58,19915.58
A-0374-20240822T1020,DELAYED,MATCH-AT-K,True,True,True,True,True,True,224832,224832,224833,1,1,1.4999999999999774,19905.53,19905.53,19986.25,19986.25,19744.09,19744.09
A-0375-20240829T0950,DELAYED,MATCH-AT-K,True,True,True,True,True,True,226206,226206,226207,1,1,0.6509017078705397,19561.48,19561.48,19477.75,19477.75,19728.93,19728.93
A-0376-20240902T1030,FULLY-AVAILABLE,MATCH-AT-K,True,True,True,True,True,True,226763,226763,226767,8,4,-1.0611995104039298,19630.08,19630.08,19638.25,19638.25,19613.73,19613.73
A-0377-20240909T1055,DELAYED,MATCH-AT-K,True,True,True,True,True,True,228101,228101,228104,1,3,-0.0039044198032173,18577.47,18577.47,18641.5,18641.5,18449.41,18449.41
A-0378-20240910T1025,FULLY-AVAILABLE,MATCH-AT-K,True,True,True,True,True,True,228371,228371,228374,7,3,1.5,18779.23,18779.23,18822.25,18822.25,18693.19,18693.19
A-0379-20240912T1125,DELAYED,MATCH-AT-K,True,True,True,True,True,True,228935,228935,228938,5,3,-1.013137151865475,19296.81,19296.81,19258.75,19258.75,19372.93,19372.93
A-0380-20240913T1000,FULLY-AVAILABLE,MATCH-AT-K,True,True,True,True,True,True,229192,229192,229197,1,5,1.5001842978252562,19424.88,19424.88,19397.75,19397.75,19479.15,19479.15
A-0381-20240913T1025,FULLY-AVAILABLE,MATCH-AT-K,True,True,True,True,True,True,229201,229201,229202,3,1,-1.0067042102440331,19488.33,19488.33,19413.75,19413.75,19637.48,19637.48
A-0382-20240917T1005,FULLY-AVAILABLE,MATCH-AT-K,True,True,True,True,True,True,229746,229746,229750,3,4,-0.0092387287509234,19567.19,19567.19,19594.25,19594.25,19513.07,19513.07
A-0383-20240918T1040,FULLY-AVAILABLE,MATCH-AT-K,True,True,True,True,True,True,230028,230028,230033,9,5,1.5001730103805322,19708.1,19708.1,19737.0,19737.0,19650.29,19650.29
A-0384-20240923T0945,FULLY-AVAILABLE,MATCH-AT-K,True,True,True,True,True,True,230848,230848,230850,1,2,-0.0134553283100095,20067.67,20067.67,20086.25,20086.25,20030.52,20030.52
A-0385-20240924T1055,FULLY-AVAILABLE,MATCH-AT-K,True,True,True,True,True,True,231129,231129,231140,1,11,-1.0093808630393997,20070.95,20070.95,20124.25,20124.25,19964.35,19964.35
A-0386-20240926T1035,DELAYED,MATCH-AT-K,True,True,True,True,True,True,231687,231687,231688,1,1,1.4999086424264718,20357.52,20357.52,20412.25,20412.25,20248.07,20248.07
A-0387-20240927T0945,FULLY-AVAILABLE,MATCH-AT-K,True,True,True,True,True,True,231952,231952,231954,1,2,1.499823881648496,20359.61,20359.61,20388.0,20388.0,20302.84,20302.84
A-0388-20240927T1035,FULLY-AVAILABLE,MATCH-AT-K,True,True,True,True,True,True,231963,231963,231964,3,1,1.5001798561151445,20319.95,20319.95,20347.75,20347.75,20264.34,20264.34
A-0389-20240930T1000,FULLY-AVAILABLE,MATCH-AT-K,True,True,True,True,True,True,232228,232228,232233,1,5,-1.0163025758069784,20197.67,20197.67,20167.0,20167.0,20259.01,20259.01
A-0390-20240930T1135,FULLY-AVAILABLE,MATCH-AT-K,True,True,True,True,True,True,232250,232250,232252,7,2,1.4998159735002805,20189.42,20189.42,20162.25,20162.25,20243.75,20243.75
A-0391-20241003T1040,FULLY-AVAILABLE,MATCH-AT-K,True,True,True,True,True,True,233059,233059,233069,4,10,1.5001316829074895,19932.22,19932.22,19894.25,19894.25,20008.17,20008.17
A-0392-20241004T1100,FULLY-AVAILABLE,MATCH-AT-K,True,True,True,True,True,True,233337,233337,233349,1,12,-0.4125261376082861,20128.82,20128.82,20229.25,20229.25,19927.96,19927.96
A-0393-20241007T1040,DELAYED,MATCH-AT-K,True,True,True,True,True,True,233617,233617,233621,1,4,-1.0120889748549322,20151.86,20151.86,20110.5,20110.5,20234.57,20234.57
A-0394-20241018T0940,FULLY-AVAILABLE,MATCH-AT-K,True,True,True,True,True,True,236092,236092,236093,1,1,-1.010371292263016,20457.79,20457.79,20506.0,20506.0,20361.37,20361.37
A-0395-20241021T1035,FULLY-AVAILABLE,MATCH-AT-K,True,True,True,True,True,True,236370,236370,236380,1,10,-1.0115660421003934,20465.48,20465.48,20422.25,20422.25,20551.93,20551.93
A-0396-20241022T0950,DELAYED,MATCH-AT-K,True,True,True,True,True,True,236646,236646,236647,1,1,1.339878931049765,20436.73,20436.73,20369.0,20369.0,20572.2,20572.2
A-0397-20241024T0940,FULLY-AVAILABLE,MATCH-AT-K,True,True,True,True,True,True,237196,237196,237197,1,1,1.4998844731978425,20355.22,20355.22,20398.5,20398.5,20268.67,20268.67
A-0398-20241029T0945,FULLY-AVAILABLE,MATCH-AT-K,True,True,True,True,True,True,238024,238024,238026,1,2,-1.0165016501650168,20496.7,20496.7,20527.0,20527.0,20436.09,20436.09
A-0399-20241108T0940,FULLY-AVAILABLE,MATCH-AT-K,True,True,True,True,True,True,240232,240232,240233,1,1,-1.0186636804777895,21201.29,21201.29,21174.5,21174.5,21254.87,21254.87
A-0400-20241111T1030,FULLY-AVAILABLE,MATCH-AT-K,True,True,True,True,True,True,240511,240511,240519,1,8,0.774266649880395,21204.82,21204.82,21284.25,21284.25,21045.96,21045.96
A-0401-20241112T1000,FULLY-AVAILABLE,MATCH-AT-K,True,True,True,True,True,True,240788,240788,240789,5,1,-1.0215331610680438,21204.22,21204.22,21181.0,21181.0,21250.67,21250.67
A-0402-20241121T1015,DELAYED,MATCH-AT-K,True,True,True,True,True,True,242721,242721,242724,1,3,-0.0026424268047774,20691.89,20691.89,20786.5,20786.5,20502.66,20502.66
A-0403-20241204T0945,FULLY-AVAILABLE,MATCH-AT-K,True,True,True,True,True,True,245108,245108,245109,1,1,-1.022104332449161,21414.63,21414.63,21437.25,21437.25,21369.38,21369.38
A-0404-20241205T1115,FULLY-AVAILABLE,MATCH-AT-K,True,True,True,True,True,True,245397,245397,245403,12,6,-1.02068680182044,21527.83,21527.83,21552.0,21552.0,21479.48,21479.48
A-0405-20241210T1115,FULLY-AVAILABLE,MATCH-AT-K,True,True,True,True,True,True,246230,246230,246231,1,1,1.5001715854495887,21500.36,21500.36,21529.5,21529.5,21442.07,21442.07
A-0406-20241212T1015,FULLY-AVAILABLE,MATCH-AT-K,True,True,True,True,True,True,246770,246770,246771,1,1,-1.022431583669806,21666.46,21666.46,21688.75,21688.75,21621.88,21621.88
A-0407-20241213T1050,FULLY-AVAILABLE,MATCH-AT-K,True,True,True,True,True,True,247053,247053,247054,1,1,0.2184851694915277,21773.11,21773.11,21829.75,21829.75,21659.84,21659.84
A-0408-20241219T1010,DELAYED,MATCH-AT-K,True,True,True,True,True,True,248148,248148,248150,1,2,1.499999999999972,21582.78,21582.78,21647.5,21647.5,21453.34,21453.34
A-0409-20241220T0945,FULLY-AVAILABLE,MATCH-AT-K,True,True,True,True,True,True,248419,248419,248421,1,2,-1.0127226463104329,21223.05,21223.05,21183.75,21183.75,21301.65,21301.65
A-0410-20241231T0945,FULLY-AVAILABLE,MATCH-AT-K,True,True,True,True,True,True,250031,250031,250032,1,1,1.4999999999999607,21442.67,21442.67,21489.0,21489.0,21350.01,21350.01
A-0411-20250102T0950,FULLY-AVAILABLE,MATCH-AT-K,True,True,True,True,True,True,250306,250306,250309,1,3,-1.008130081300813,21312.0,21312.0,21373.5,21373.5,21189.0,21189.0
A-0412-20250107T0945,FULLY-AVAILABLE,MATCH-AT-K,True,True,True,True,True,True,251134,251134,251136,1,2,1.5000000000000515,21771.33,21771.33,21806.5,21806.5,21700.99,21700.99
A-0414-20250114T1010,FULLY-AVAILABLE,MATCH-AT-K,True,True,True,True,True,True,252427,252427,252431,4,4,-1.1154734411084986,21086.67,21086.67,21091.0,21091.0,21078.01,21078.01
A-0415-20250116T0940,FULLY-AVAILABLE,MATCH-AT-K,True,True,True,True,True,True,252976,252976,252977,1,1,1.500156445556978,21468.79,21468.79,21500.75,21500.75,21404.86,21404.86
A-0416-20250116T0955,FULLY-AVAILABLE,MATCH-AT-K,True,True,True,True,True,True,252979,252979,252980,1,1,-1.0070382882882882,21403.46,21403.46,21474.5,21474.5,21261.37,21261.37
A-0417-20250121T0950,DELAYED,MATCH-AT-K,True,True,True,True,True,True,253758,253758,253759,1,1,-0.0035760263195536,21648.84,21648.84,21718.75,21718.75,21509.0,21509.0
A-0418-20250123T1200,DELAYED,MATCH-AT-K,True,True,True,True,True,True,254330,254330,254337,1,7,1.500173731758201,21925.03,21925.03,21896.25,21896.25,21982.6,21982.6
A-0419-20250127T1015,DELAYED,MATCH-AT-K,True,True,True,True,True,True,254862,254862,254868,1,6,-0.5970556507392605,21266.09,21266.09,21108.5,21108.5,21581.27,21581.27
A-0420-20250205T0955,FULLY-AVAILABLE,MATCH-AT-K,True,True,True,True,True,True,256792,256792,256796,1,4,1.4995625546806552,21541.36,21541.36,21518.5,21518.5,21587.06,21587.06
A-0421-20250205T1115,FULLY-AVAILABLE,MATCH-AT-K,True,True,True,True,True,True,256810,256810,256812,7,2,1.4999214330609805,21573.39,21573.39,21509.75,21509.75,21700.66,21700.66
A-0422-20250206T0955,DELAYED,MATCH-AT-K,True,True,True,True,True,True,257071,257071,257072,1,1,-0.0057790106333798,21792.26,21792.26,21749.0,21749.0,21878.79,21878.79
A-0423-20250207T1020,DELAYED,MATCH-AT-K,True,True,True,True,True,True,257351,257351,257353,1,2,0.8904736275565198,21761.2,21761.2,21947.0,21947.0,21389.59,21389.59
A-0424-20250212T1040,DELAYED,MATCH-AT-K,True,True,True,True,True,True,258184,258184,258185,1,1,-1.0093703148425786,21720.61,21720.61,21667.25,21667.25,21827.34,21827.34
A-0425-20250214T1000,FULLY-AVAILABLE,MATCH-AT-K,True,True,True,True,True,True,258726,258726,258729,3,3,1.5,22106.16,22106.16,22094.25,22094.25,22129.98,22129.98
A-0426-20250214T1015,FULLY-AVAILABLE,MATCH-AT-K,True,True,True,True,True,True,258731,258731,258732,1,1,-0.0070462232243518,22133.98,22133.98,22098.5,22098.5,22204.93,22204.93
A-0427-20250217T1025,FULLY-AVAILABLE,MATCH-AT-K,True,True,True,True,True,True,259000,259000,259010,1,10,-0.306892568348125,22227.28,22227.28,22253.25,22253.25,22175.35,22175.35
A-0428-20250218T0955,DELAYED,MATCH-AT-K,True,True,True,True,True,True,259231,259231,259232,1,1,0.9016870273414828,22206.18,22206.18,22257.75,22257.75,22103.04,22103.04
A-0429-20250228T1115,FULLY-AVAILABLE,MATCH-AT-K,True,True,True,True,True,True,261445,261445,261456,2,11,-1.0049875311720695,20653.75,20653.75,20553.5,20553.5,20854.25,20854.25
A-0430-20250303T1030,FULLY-AVAILABLE,MATCH-AT-K,True,True,True,True,True,True,261715,261715,261723,1,8,1.5000392742125317,20974.44,20974.44,21101.75,21101.75,20719.81,20719.81
A-0431-20250306T1025,DELAYED,MATCH-AT-K,True,True,True,True,True,True,262549,262549,262550,1,1,-0.0036748493311774,20423.53,20423.53,20355.5,20355.5,20559.6,20559.6
A-0432-20250311T1000,FULLY-AVAILABLE,MATCH-AT-K,True,True,True,True,True,True,263368,263368,263373,1,5,-1.0102124183006538,19434.21,19434.21,19385.25,19385.25,19532.14,19532.14
A-0433-20250311T1105,FULLY-AVAILABLE,MATCH-AT-K,True,True,True,True,True,True,263378,263378,263386,4,8,-0.0017273543840253,19469.77,19469.77,19614.5,19614.5,19180.32,19180.32
A-0434-20250312T1125,DELAYED,MATCH-AT-K,True,True,True,True,True,True,263661,263661,263666,1,5,-1.0102711585866886,19521.32,19521.32,19570.0,19570.0,19423.97,19423.97
A-0435-20250313T1015,DELAYED,MATCH-AT-K,True,True,True,True,True,True,263923,263923,263928,2,5,1.4999999999999734,19509.26,19509.26,19577.5,19577.5,19372.78,19372.78
A-0436-20250319T0945,FULLY-AVAILABLE,MATCH-AT-K,True,True,True,True,True,True,265025,265025,265026,2,1,-1.0147102088849655,19577.51,19577.51,19611.5,19611.5,19509.53,19509.53
A-0437-20250321T1115,FULLY-AVAILABLE,MATCH-AT-K,True,True,True,True,True,True,265592,265592,265596,7,4,1.5,19727.34,19727.34,19662.5,19662.5,19857.02,19857.02
A-0438-20250327T1020,DELAYED,MATCH-AT-K,True,True,True,True,True,True,266687,266687,266689,2,2,1.4998081718779583,20051.88,20051.88,19999.75,19999.75,20156.12,20156.12
A-0439-20250331T1130,FULLY-AVAILABLE,MATCH-AT-K,True,True,True,True,True,True,267254,267254,267255,1,1,1.500073270808871,19181.49,19181.49,19113.25,19113.25,19317.98,19317.98
A-0440-20250401T1000,FULLY-AVAILABLE,MATCH-AT-K,True,True,True,True,True,True,267509,267509,267513,2,4,-1.0235849056603763,19368.2,19368.2,19347.0,19347.0,19410.6,19410.6
A-0441-20250401T1030,FULLY-AVAILABLE,MATCH-AT-K,True,True,True,True,True,True,267515,267515,267519,1,4,-1.0075757575757576,19368.0,19368.0,19434.0,19434.0,19236.0,19236.0
A-0442-20250402T1010,DELAYED,MATCH-AT-K,True,True,True,True,True,True,267786,267786,267791,1,5,1.499973452267171,19504.34,19504.34,19316.0,19316.0,19881.01,19881.01
A-0443-20250407T0945,FULLY-AVAILABLE,MATCH-AT-K,True,True,True,True,True,True,268612,268612,268614,1,2,-1.0031841049480992,16908.97,16908.97,17066.0,17066.0,16594.91,16594.91
A-0444-20250409T0945,FULLY-AVAILABLE,MATCH-AT-K,True,True,True,True,True,True,269165,269165,269166,1,1,1.4999412455934182,17329.7,17329.7,17159.5,17159.5,17670.08,17670.08
A-0445-20250414T1000,DELAYED,MATCH-AT-K,True,True,True,True,True,True,269996,269996,269997,2,1,1.4999597034171273,19070.17,19070.17,19194.25,19194.25,18822.02,18822.02
A-0446-20250416T1145,FULLY-AVAILABLE,MATCH-AT-K,True,True,True,True,True,True,270565,270565,270570,8,5,-1.015078407720145,18628.16,18628.16,18595.0,18595.0,18694.49,18694.49
A-0447-20250417T0950,FULLY-AVAILABLE,MATCH-AT-K,True,True,True,True,True,True,270820,270820,270823,1,3,1.4999349381913158,18470.4,18470.4,18547.25,18547.25,18316.71,18316.71
A-0448-20250422T0955,DELAYED,MATCH-AT-K,True,True,True,True,True,True,271375,271375,271376,1,1,1.5000000000000158,18215.53,18215.53,18100.0,18100.0,18446.59,18446.59
A-0449-20250425T1020,DELAYED,MATCH-AT-K,True,True,True,True,True,True,272207,272207,272209,1,2,-1.006278252134606,19332.14,19332.14,19252.5,19252.5,19491.42,19491.42
A-0450-20250429T1015,DELAYED,MATCH-AT-K,True,True,True,True,True,True,272759,272759,272760,1,1,1.0703074258497391,19558.13,19558.13,19465.75,19465.75,19742.89,19742.89
A-0451-20250501T0945,FULLY-AVAILABLE,MATCH-AT-K,True,True,True,True,True,True,273304,273304,273306,1,2,-1.0170125893160942,19962.86,19962.86,19992.25,19992.25,19904.09,19904.09
A-0452-20250501T1005,FULLY-AVAILABLE,MATCH-AT-K,True,True,True,True,True,True,273309,273309,273310,1,1,-1.0066401062417,19921.45,19921.45,19996.75,19996.75,19770.85,19770.85
A-0453-20250505T1030,DELAYED,MATCH-AT-K,True,True,True,True,True,True,273860,273860,273867,1,7,1.5000000000000413,20028.76,20028.76,19984.75,19984.75,20116.78,20116.78
A-0454-20250506T0945,FULLY-AVAILABLE,MATCH-AT-K,True,True,True,True,True,True,274132,274132,274134,1,2,-1.0184297825285655,19806.38,19806.38,19779.25,19779.25,19860.65,19860.65
A-0455-20250508T1000,DELAYED,MATCH-AT-K,True,True,True,True,True,True,274686,274686,274689,1,3,1.4999194847021355,20112.4,20112.4,20174.5,20174.5,19988.21,19988.21
A-0456-20250509T1105,DELAYED,MATCH-AT-K,True,True,True,True,True,True,274971,274971,274978,1,7,0.5567710086390601,20165.62,20165.62,20254.75,20254.75,19987.36,19987.36
A-0457-20250516T0950,FULLY-AVAILABLE,MATCH-AT-K,True,True,True,True,True,True,276341,276341,276343,2,2,1.4999185269675868,21443.88,21443.88,21505.25,21505.25,21321.15,21321.15
A-0458-20250522T1015,DELAYED,MATCH-AT-K,True,True,True,True,True,True,277449,277449,277452,1,3,0.3423126259849806,21257.14,21257.14,21148.0,21148.0,21475.42,21475.42
A-0459-20250526T1115,DELAYED,MATCH-AT-K,True,True,True,True,True,True,278013,278013,278016,1,3,-1.0488281249999925,21235.01,21235.01,21245.25,21245.25,21214.52,21214.52
A-0460-20250527T0945,FULLY-AVAILABLE,MATCH-AT-K,True,True,True,True,True,True,278224,278224,278226,1,2,-1.0082891246684351,21255.43,21255.43,21315.75,21315.75,21134.8,21134.8
A-0461-20250529T0955,DELAYED,MATCH-AT-K,True,True,True,True,True,True,278779,278779,278780,1,1,1.5001188071759777,21529.08,21529.08,21613.25,21613.25,21360.72,21360.72
A-0462-20250605T1025,FULLY-AVAILABLE,MATCH-AT-K,True,True,True,True,True,True,280162,280162,280166,7,4,-0.0053809728798968,21794.54,21794.54,21841.0,21841.0,21701.63,21701.63
A-0463-20250609T0940,FULLY-AVAILABLE,MATCH-AT-K,True,True,True,True,True,True,280708,280708,280709,1,1,-1.0233100233100223,21794.05,21794.05,21815.5,21815.5,21751.14,21751.14
A-0464-20250611T1010,FULLY-AVAILABLE,MATCH-AT-K,True,True,True,True,True,True,281260,281260,281267,1,7,-1.0168236877523549,22003.53,22003.53,22033.25,22033.25,21944.09,21944.09
A-0465-20250613T1010,FULLY-AVAILABLE,MATCH-AT-K,True,True,True,True,True,True,281812,281812,281819,1,7,-1.00683340166735,21701.17,21701.17,21628.0,21628.0,21847.51,21847.51
A-0466-20250618T0940,FULLY-AVAILABLE,MATCH-AT-K,True,True,True,True,True,True,282640,282640,282641,1,1,-1.01185395922238,21973.07,21973.07,22015.25,22015.25,21888.71,21888.71
A-0467-20250620T1110,DELAYED,MATCH-AT-K,True,True,True,True,True,True,283160,283160,283163,1,3,0.142933211623315,21835.04,21835.04,21966.5,21966.5,21572.12,21572.12
A-0468-20250624T0955,FULLY-AVAILABLE,MATCH-AT-K,True,True,True,True,True,True,283697,283697,283700,2,3,1.5002231146809917,22281.91,22281.91,22259.5,22259.5,22326.74,22326.74
A-0469-20250626T0955,FULLY-AVAILABLE,MATCH-AT-K,True,True,True,True,True,True,284248,284248,284252,1,4,-1.0220945647370736,22544.37,22544.37,22567.0,22567.0,22499.1,22499.1
A-0470-20250630T0955,DELAYED,MATCH-AT-K,True,True,True,True,True,True,284802,284802,284804,1,2,-0.0545808966861464,22824.7,22824.7,22876.0,22876.0,22722.09,22722.09
A-0471-20250701T1000,FULLY-AVAILABLE,MATCH-AT-K,True,True,True,True,True,True,285079,285079,285081,1,2,-0.0100603621730388,22804.35,22804.35,22779.5,22779.5,22854.05,22854.05
A-0472-20250707T0940,FULLY-AVAILABLE,MATCH-AT-K,True,True,True,True,True,True,286087,286087,286088,1,1,-0.0101214574898782,22951.55,22951.55,22976.25,22976.25,22902.15,22902.15
A-0473-20250708T1035,FULLY-AVAILABLE,MATCH-AT-K,True,True,True,True,True,True,286363,286363,286375,1,12,1.5,22926.16,22926.16,22948.75,22948.75,22880.98,22880.98
A-0474-20250715T1015,FULLY-AVAILABLE,MATCH-AT-K,True,True,True,True,True,True,287748,287748,287751,6,3,1.500153092467882,23190.59,23190.59,23223.25,23223.25,23125.26,23125.26
A-0475-20250715T1105,FULLY-AVAILABLE,MATCH-AT-K,True,True,True,True,True,True,287760,287760,287761,1,1,-1.009889240506329,23114.44,23114.44,23165.0,23165.0,23013.34,23013.34
A-0476-20250716T1030,FULLY-AVAILABLE,MATCH-AT-K,True,True,True,True,True,True,288021,288021,288030,1,9,1.5000806321561495,23027.99,23027.99,23090.0,23090.0,22903.96,22903.96
A-0477-20250724T1050,FULLY-AVAILABLE,MATCH-AT-K,True,True,True,True,True,True,289682,289682,289690,8,8,-1.0159693388693702,23368.69,23368.69,23400.0,23400.0,23306.07,23306.07
A-0478-20250725T1015,DELAYED,MATCH-AT-K,True,True,True,True,True,True,289957,289957,289959,1,2,1.4997654784240524,23393.82,23393.82,23372.5,23372.5,23436.45,23436.45
A-0479-20250728T1020,FULLY-AVAILABLE,MATCH-AT-K,True,True,True,True,True,True,290233,290233,290236,7,3,-0.0116550116550112,23485.7,23485.7,23464.25,23464.25,23528.61,23528.61
A-0480-20250729T1145,DELAYED,MATCH-AT-K,True,True,True,True,True,True,290525,290525,290529,1,4,1.0241336633662996,23491.6,23491.6,23532.0,23532.0,23410.81,23410.81
A-0481-20250731T0950,DELAYED,MATCH-AT-K,True,True,True,True,True,True,291057,291057,291058,1,1,1.499952570669727,23647.08,23647.08,23752.5,23752.5,23436.25,23436.25
A-0482-20250806T1020,FULLY-AVAILABLE,MATCH-AT-K,True,True,True,True,True,True,292160,292160,292168,2,8,1.499765037594108,23174.03,23174.03,23152.75,23152.75,23216.58,23216.58
A-0483-20250807T1045,FULLY-AVAILABLE,MATCH-AT-K,True,True,True,True,True,True,292446,292446,292449,2,3,1.4998551144596528,23590.24,23590.24,23624.75,23624.75,23521.23,23521.23
A-0484-20250813T1035,DELAYED,MATCH-AT-K,True,True,True,True,True,True,293550,293550,293551,1,1,1.4998713660921226,23966.38,23966.38,24005.25,24005.25,23888.65,23888.65
A-0485-20250814T1120,FULLY-AVAILABLE,MATCH-AT-K,True,True,True,True,True,True,293826,293826,293836,5,10,-1.0157728706624602,23928.95,23928.95,23897.25,23897.25,23992.35,23992.35
A-0486-20250818T0940,FULLY-AVAILABLE,MATCH-AT-K,True,True,True,True,True,True,294367,294367,294368,1,1,-1.021249468763282,23784.53,23784.53,23761.0,23761.0,23831.59,23831.59
A-0487-20250825T1020,FULLY-AVAILABLE,MATCH-AT-K,True,True,True,True,True,True,295753,295753,295756,1,3,0.907690871756585,23521.82,23521.82,23468.25,23468.25,23628.97,23628.97
A-0488-20250826T0950,FULLY-AVAILABLE,MATCH-AT-K,True,True,True,True,True,True,296025,296025,296026,3,1,-1.0194250194250185,23489.51,23489.51,23515.25,23515.25,23438.02,23438.02
A-0489-20250828T1005,FULLY-AVAILABLE,MATCH-AT-K,True,True,True,True,True,True,296578,296578,296581,1,3,-1.0077375425564843,23672.63,23672.63,23737.25,23737.25,23543.4,23543.4
A-0490-20250903T0950,FULLY-AVAILABLE,MATCH-AT-K,True,True,True,True,True,True,297631,297631,297634,1,3,-0.0060650169820474,23416.28,23416.28,23457.5,23457.5,23333.84,23333.84
A-0491-20250905T1135,FULLY-AVAILABLE,MATCH-AT-K,True,True,True,True,True,True,298195,298195,298207,1,12,-0.1978762274492053,23646.67,23646.67,23734.25,23734.25,23471.51,23471.51
A-0492-20250910T1000,FULLY-AVAILABLE,MATCH-AT-K,True,True,True,True,True,True,299012,299012,299016,1,4,1.007583503749143,23956.82,23956.82,24015.5,24015.5,23839.45,23839.45
A-0493-20250911T0945,FULLY-AVAILABLE,MATCH-AT-K,True,True,True,True,True,True,299288,299288,299289,1,1,-1.0141884222474455,23962.76,23962.76,23998.0,23998.0,23892.27,23892.27
A-0494-20250916T1005,DELAYED,MATCH-AT-K,True,True,True,True,True,True,300119,300119,300121,1,2,1.5,24307.23,24307.23,24329.25,24329.25,24263.19,24263.19
A-0495-20250919T1150,FULLY-AVAILABLE,MATCH-AT-K,True,True,True,True,True,True,300965,300965,300970,5,5,-1.0251256281407015,24759.1,24759.1,24779.0,24779.0,24719.29,24719.29
A-0496-20250922T0940,FULLY-AVAILABLE,MATCH-AT-K,True,True,True,True,True,True,301219,301219,301220,1,1,1.499767873723258,24828.79,24828.79,24807.25,24807.25,24871.86,24871.86
A-0497-20250923T1040,FULLY-AVAILABLE,MATCH-AT-K,True,True,True,True,True,True,301497,301497,301508,1,11,1.499875218367876,24970.18,24970.18,25010.25,25010.25,24890.05,24890.05
A-0498-20250924T1000,DELAYED,MATCH-AT-K,True,True,True,True,True,True,301773,301773,301776,1,3,1.5000000000000282,24835.06,24835.06,24899.75,24899.75,24705.68,24705.68
A-0499-20250930T0945,FULLY-AVAILABLE,MATCH-AT-K,True,True,True,True,True,True,302875,302875,302877,1,2,1.5001730103805322,24802.6,24802.6,24831.5,24831.5,24744.79,24744.79
A-0500-20251001T0945,FULLY-AVAILABLE,MATCH-AT-K,True,True,True,True,True,True,303151,303151,303153,1,2,-1.0158077774264933,24773.88,24773.88,24742.25,24742.25,24837.14,24837.14
A-0501-20251002T0955,DELAYED,MATCH-AT-K,True,True,True,True,True,True,303430,303430,303431,1,1,-0.469180285677513,25052.54,25052.54,25130.25,25130.25,24897.11,24897.11
A-0502-20251006T0950,DELAYED,MATCH-AT-K,True,True,True,True,True,True,303981,303981,303982,1,1,-1.0082481029363248,25161.63,25161.63,25222.25,25222.25,25040.4,25040.4
A-0503-20251007T1115,DELAYED,MATCH-AT-K,True,True,True,True,True,True,304274,304274,304275,1,1,1.0025706940874128,25117.45,25117.45,25195.25,25195.25,24961.84,24961.84
A-0504-20251010T1000,FULLY-AVAILABLE,MATCH-AT-K,True,True,True,True,True,True,305083,305083,305088,1,5,-0.0092387287509234,25320.06,25320.06,25293.0,25293.0,25374.18,25374.18
A-0505-20251013T0940,FULLY-AVAILABLE,MATCH-AT-K,True,True,True,True,True,True,305359,305359,305360,1,1,-1.0074482347683598,24805.87,24805.87,24873.0,24873.0,24671.6,24671.6
A-0506-20251015T0945,FULLY-AVAILABLE,MATCH-AT-K,True,True,True,True,True,True,305911,305911,305913,1,2,1.5,24978.86,24978.86,25018.75,25018.75,24899.08,24899.08
A-0507-20251021T1020,FULLY-AVAILABLE,MATCH-AT-K,True,True,True,True,True,True,307016,307016,307024,2,8,1.500211954217855,25281.41,25281.41,25305.0,25305.0,25234.22,25234.22
A-0508-20251023T1010,DELAYED,MATCH-AT-K,True,True,True,True,True,True,307570,307570,307574,1,4,1.2595712098009095,25115.45,25115.45,25017.5,25017.5,25311.35,25311.35
A-0509-20251029T1005,DELAYED,MATCH-AT-K,True,True,True,True,True,True,308675,308675,308677,2,2,-1.017343045438778,26283.08,26283.08,26254.25,26254.25,26340.73,26340.73
A-0510-20251103T1035,DELAYED,MATCH-AT-K,True,True,True,True,True,True,309510,309510,309511,1,1,-1.0079693975135475,26065.76,26065.76,26128.5,26128.5,25940.28,25940.28
A-0511-20251105T1020,DELAYED,MATCH-AT-K,True,True,True,True,True,True,310055,310055,310060,1,5,1.4082497758213293,25630.67,25630.67,25508.0,25508.0,25876.02,25876.02
A-0512-20251112T1005,DELAYED,MATCH-AT-K,True,True,True,True,True,True,311433,311433,311437,1,4,0.6648832304928592,25653.22,25653.22,25781.25,25781.25,25397.16,25397.16
A-0513-20251117T1000,DELAYED,MATCH-AT-K,True,True,True,True,True,True,312261,312261,312264,1,3,-1.0023269884115975,25169.37,25169.37,24954.5,24954.5,25599.11,25599.11
A-0514-20251120T1125,DELAYED,MATCH-AT-K,True,True,True,True,True,True,313108,313108,313109,1,1,1.5000361663652746,24974.75,24974.75,25113.0,25113.0,24698.24,24698.24
A-0515-20251121T1025,DELAYED,MATCH-AT-K,True,True,True,True,True,True,313370,313370,313373,1,3,1.500047924853804,24179.92,24179.92,24284.25,24284.25,23971.25,23971.25
A-0516-20251201T1025,DELAYED,MATCH-AT-K,True,True,True,True,True,True,314801,314801,314807,1,6,0.8835107810682618,25320.52,25320.52,25208.75,25208.75,25544.05,25544.05
A-0517-20251203T1110,FULLY-AVAILABLE,MATCH-AT-K,True,True,True,True,True,True,315362,315362,315368,2,6,1.4998485766201992,25532.52,25532.52,25499.5,25499.5,25598.55,25598.55
A-0518-20251205T0940,FULLY-AVAILABLE,MATCH-AT-K,True,True,True,True,True,True,315901,315901,315902,1,1,1.4999230295566626,25709.46,25709.46,25644.5,25644.5,25839.37,25839.37
A-0519-20251208T1000,DELAYED,MATCH-AT-K,True,True,True,True,True,True,316181,316181,316182,1,1,1.5001966181674873,25765.14,25765.14,25816.0,25816.0,25663.4,25663.4
A-0520-20251211T1020,FULLY-AVAILABLE,MATCH-AT-K,True,True,True,True,True,True,317005,317005,317014,1,9,1.5,25622.66,25622.66,25681.5,25681.5,25504.98,25504.98
A-0521-20251215T1005,DELAYED,MATCH-AT-K,True,True,True,True,True,True,317562,317562,317563,1,1,1.5000649266329418,25233.49,25233.49,25310.5,25310.5,25079.46,25079.46
A-0522-20251216T1020,FULLY-AVAILABLE,MATCH-AT-K,True,True,True,True,True,True,317837,317837,317842,5,5,-1.0094321826070556,25020.01,25020.01,24967.0,24967.0,25126.03,25126.03
A-0523-20251222T1110,FULLY-AVAILABLE,MATCH-AT-K,True,True,True,True,True,True,318949,318949,318956,6,7,0.1716325263811535,25694.56,25694.56,25759.0,25759.0,25565.68,25565.68
A-0524-20251223T1000,FULLY-AVAILABLE,MATCH-AT-K,True,True,True,True,True,True,319213,319213,319218,1,5,1.5,25669.5,25669.5,25623.75,25623.75,25761.0,25761.0
A-0525-20251224T0940,FULLY-AVAILABLE,MATCH-AT-K,True,True,True,True,True,True,319489,319489,319490,1,1,-0.0163078930202199,25812.67,25812.67,25828.0,25828.0,25782.0,25782.0
A-0526-20251229T0945,FULLY-AVAILABLE,MATCH-AT-K,True,True,True,True,True,True,319997,319997,319998,1,1,-1.005787037037037,25750.15,25750.15,25663.75,25663.75,25922.94,25922.94
A-0527-20251230T1010,FULLY-AVAILABLE,MATCH-AT-K,True,True,True,True,True,True,320276,320276,320279,5,3,-1.0283286118980146,25705.9,25705.9,25688.25,25688.25,25741.19,25741.19
A-0528-20251231T1025,DELAYED,MATCH-AT-K,True,True,True,True,True,True,320556,320556,320558,2,2,0.5181159420289855,25601.25,25601.25,25635.75,25635.75,25532.25,25532.25
A-0529-20260102T1040,DELAYED,MATCH-AT-K,True,True,True,True,True,True,320833,320833,320837,1,4,0.8602949582714138,25566.81,25566.81,25741.75,25741.75,25216.94,25216.94
A-0530-20260107T1000,DELAYED,MATCH-AT-K,True,True,True,True,True,True,321654,321654,321657,1,3,1.5000721292556407,25839.82,25839.82,25770.5,25770.5,25978.47,25978.47
A-0531-20260113T1110,FULLY-AVAILABLE,MATCH-AT-K,True,True,True,True,True,True,322764,322764,322775,1,11,-1.0076080340839926,25904.53,25904.53,25970.25,25970.25,25773.1,25773.1
A-0532-20260115T0940,FULLY-AVAILABLE,MATCH-AT-K,True,True,True,True,True,True,323308,323308,323309,1,1,-1.0144466917075987,25916.89,25916.89,25951.5,25951.5,25847.67,25847.67
A-0533-20260115T1020,FULLY-AVAILABLE,MATCH-AT-K,True,True,True,True,True,True,323312,323312,323317,1,5,0.9727134916624725,25893.88,25893.88,25953.25,25953.25,25775.12,25775.12
A-0534-20260116T1005,DELAYED,MATCH-AT-K,True,True,True,True,True,True,323589,323589,323590,1,1,1.500061169561994,25762.76,25762.76,25844.5,25844.5,25599.27,25599.27
A-0535-20260119T1120,FULLY-AVAILABLE,MATCH-AT-K,True,True,True,True,True,True,323880,323880,323881,1,1,0.8623558118899399,25365.58,25365.58,25320.5,25320.5,25455.75,25455.75
A-0536-20260120T0940,FULLY-AVAILABLE,MATCH-AT-K,True,True,True,True,True,True,324088,324088,324089,1,1,1.500070244450677,25272.18,25272.18,25201.0,25201.0,25414.55,25414.55
A-0537-20260122T1045,FULLY-AVAILABLE,MATCH-AT-K,True,True,True,True,True,True,324642,324642,324654,1,12,-0.30780294857965,25648.82,25648.82,25732.25,25732.25,25481.97,25481.97
A-0538-20260127T0945,FULLY-AVAILABLE,MATCH-AT-K,True,True,True,True,True,True,325468,325468,325470,1,2,-1.0163398692810466,25982.4,25982.4,26013.0,26013.0,25921.2,25921.2
A-0539-20260128T0955,FULLY-AVAILABLE,MATCH-AT-K,True,True,True,True,True,True,325747,325747,325748,2,1,-1.012484394506867,26253.3,26253.3,26213.25,26213.25,26333.39,26333.39
A-0540-20260128T1035,FULLY-AVAILABLE,MATCH-AT-K,True,True,True,True,True,True,325755,325755,325756,1,1,1.4999999999999407,26223.8,26223.8,26254.5,26254.5,26162.4,26162.4
A-0541-20260129T1020,DELAYED,MATCH-AT-K,True,True,True,True,True,True,326028,326028,326029,1,1,1.4999346746798925,25792.21,25792.21,25868.75,25868.75,25639.14,25639.14
A-0542-20260210T0950,FULLY-AVAILABLE,MATCH-AT-K,True,True,True,True,True,True,328230,328230,328231,3,1,-1.0104166666666667,25362.5,25362.5,25410.5,25410.5,25266.49,25266.49
A-0543-20260211T1035,DELAYED,MATCH-AT-K,True,True,True,True,True,True,328513,328513,328516,1,3,-1.0034199726402189,25154.8,25154.8,25301.0,25301.0,24862.39,24862.39
A-0544-20260217T0945,FULLY-AVAILABLE,MATCH-AT-K,True,True,True,True,True,True,329560,329560,329562,1,2,-1.007757951900698,24669.7,24669.7,24605.25,24605.25,24798.6,24798.6
A-0545-20260218T0940,FULLY-AVAILABLE,MATCH-AT-K,True,True,True,True,True,True,329836,329836,329837,1,1,-1.0158127767235932,24810.63,24810.63,24842.25,24842.25,24747.39,24747.39
A-0546-20260219T1010,FULLY-AVAILABLE,MATCH-AT-K,True,True,True,True,True,True,330117,330117,330119,2,2,-0.00272212543554,24865.09,24865.09,24773.25,24773.25,25048.76,25048.76
A-0547-20260220T0950,DELAYED,MATCH-AT-K,True,True,True,True,True,True,330390,330390,330391,1,1,1.007884558167213,24879.66,24879.66,24678.0,24678.0,25282.98,25282.98
A-0548-20260224T0955,DELAYED,MATCH-AT-K,True,True,True,True,True,True,330943,330943,330944,1,1,0.5141879742116681,24922.01,24922.01,24694.0,24694.0,25378.03,25378.03
A-0549-20260227T0940,FULLY-AVAILABLE,MATCH-AT-K,True,True,True,True,True,True,331768,331768,331769,1,1,-1.01185395922238,24837.68,24837.68,24795.5,24795.5,24922.04,24922.04
A-0550-20260227T0955,FULLY-AVAILABLE,MATCH-AT-K,True,True,True,True,True,True,331771,331771,331772,1,1,1.500068671885694,24854.31,24854.31,24781.5,24781.5,24999.94,24999.94
A-0551-20260302T0950,DELAYED,MATCH-AT-K,True,True,True,True,True,True,332046,332046,332047,1,1,0.8728895960399602,24830.76,24830.76,24604.5,24604.5,25283.29,25283.29
A-0552-20260305T1020,FULLY-AVAILABLE,MATCH-AT-K,True,True,True,True,True,True,332872,332872,332881,1,9,-1.007570022710068,25028.55,25028.55,24962.5,24962.5,25160.65,25160.65
A-0553-20260306T1005,DELAYED,MATCH-AT-K,True,True,True,True,True,True,333153,333153,333154,3,1,1.5000721500721648,24677.55,24677.55,24608.25,24608.25,24816.16,24816.16
A-0554-20260309T1000,FULLY-AVAILABLE,MATCH-AT-K,True,True,True,True,True,True,333427,333427,333429,4,2,1.4999208860759332,24462.55,24462.55,24525.75,24525.75,24336.16,24336.16
A-0555-20260313T1110,DELAYED,MATCH-AT-K,True,True,True,True,True,True,334544,334544,334547,1,3,1.500049593334666,24561.43,24561.43,24662.25,24662.25,24359.78,24359.78
A-0556-20260318T1105,FULLY-AVAILABLE,MATCH-AT-K,True,True,True,True,True,True,335366,335366,335374,3,8,1.5000782105427686,24921.32,24921.32,24985.25,24985.25,24793.45,24793.45
A-0557-20260319T1125,FULLY-AVAILABLE,MATCH-AT-K,True,True,True,True,True,True,335643,335643,335654,8,11,1.500065876152798,24450.4,24450.4,24374.5,24374.5,24602.21,24602.21
A-0558-20260330T1005,DELAYED,MATCH-AT-K,True,True,True,True,True,True,337569,337569,337570,1,1,-1.0066427527567423,23330.23,23330.23,23405.5,23405.5,23179.69,23179.69
A-0559-20260402T1030,DELAYED,MATCH-AT-K,True,True,True,True,True,True,338400,338400,338403,1,3,1.5001237317495697,23939.32,23939.32,23858.5,23858.5,24100.98,24100.98
A-0560-20260406T1000,FULLY-AVAILABLE,MATCH-AT-K,True,True,True,True,True,True,338853,338853,338856,3,3,1.5000000000000573,24288.46,24288.46,24256.75,24256.75,24351.88,24351.88
A-0561-20260410T1010,FULLY-AVAILABLE,MATCH-AT-K,True,True,True,True,True,True,339961,339961,339962,1,1,-1.011879306248515,25304.41,25304.41,25346.5,25346.5,25220.24,25220.24
A-0562-20260413T1015,DELAYED,MATCH-AT-K,True,True,True,True,True,True,340235,340235,340239,1,4,1.3495064062171649,25254.72,25254.72,25159.5,25159.5,25445.16,25445.16
A-0563-20260416T1035,FULLY-AVAILABLE,MATCH-AT-K,True,True,True,True,True,True,341061,341061,341071,2,10,-1.0076068766164614,26388.02,26388.02,26453.75,26453.75,26256.55,26256.55
A-0564-20260420T1050,FULLY-AVAILABLE,MATCH-AT-K,True,True,True,True,True,True,341625,341625,341626,1,1,1.4998093058733404,26714.53,26714.53,26740.75,26740.75,26662.1,26662.1
A-0565-20260420T1120,FULLY-AVAILABLE,MATCH-AT-K,True,True,True,True,True,True,341628,341628,341632,1,4,-1.0067349137931032,26647.26,26647.26,26721.5,26721.5,26498.77,26498.77
A-0566-20260504T1005,FULLY-AVAILABLE,MATCH-AT-K,True,True,True,True,True,True,344375,344375,344377,2,2,-0.0048141729250914,27859.68,27859.68,27807.75,27807.75,27963.55,27963.55
A-0567-20260513T0955,FULLY-AVAILABLE,MATCH-AT-K,True,True,True,True,True,True,346305,346305,346307,3,2,-0.00305885231861,29223.52,29223.52,29305.25,29305.25,29060.05,29060.05
A-0568-20260514T0950,DELAYED,MATCH-AT-K,True,True,True,True,True,True,346581,346581,346582,1,1,0.8959556860651352,29607.84,29607.84,29458.0,29458.0,29907.53,29907.53
A-0569-20260518T1040,DELAYED,MATCH-AT-K,True,True,True,True,True,True,347119,347119,347120,1,1,1.3311433614434105,29113.28,29113.28,29266.25,29266.25,28807.33,28807.33
A-0570-20260519T0940,FULLY-AVAILABLE,MATCH-AT-K,True,True,True,True,True,True,347383,347383,347384,1,1,-1.00437675070028,28916.49,28916.49,28802.25,28802.25,29144.96,29144.96
A-0571-20260521T1015,FULLY-AVAILABLE,MATCH-AT-K,True,True,True,True,True,True,347938,347938,347943,4,5,-0.0063971340839301,29212.58,29212.58,29173.5,29173.5,29290.74,29290.74
A-0572-20260527T0950,DELAYED,MATCH-AT-K,True,True,True,True,True,True,348969,348969,348970,1,1,0.3728587048961329,30027.88,30027.88,30192.5,30192.5,29698.65,29698.65
A-0573-20260528T1000,FULLY-AVAILABLE,MATCH-AT-K,True,True,True,True,True,True,349244,349244,349248,1,4,-1.0044212574056062,29999.41,29999.41,30112.5,30112.5,29773.24,29773.24
A-0574-20260529T1050,FULLY-AVAILABLE,MATCH-AT-K,True,True,True,True,True,True,349532,349532,349534,1,2,-0.0053984020729862,30391.69,30391.69,30438.0,30438.0,30299.08,30299.08
A-0575-20260603T1000,DELAYED,MATCH-AT-K,True,True,True,True,True,True,350326,350326,350328,1,2,-1.0036681094563862,30601.69,30601.69,30738.0,30738.0,30329.07,30329.07
A-0576-20260604T0940,FULLY-AVAILABLE,MATCH-AT-K,True,True,True,True,True,True,350599,350599,350600,1,1,-1.0103993344425952,30257.58,30257.58,30209.5,30209.5,30353.73,30353.73
A-0577-20260604T1145,DELAYED,MATCH-AT-K,True,True,True,True,True,True,350618,350618,350625,1,7,1.5,30395.5,30395.5,30317.0,30317.0,30552.5,30552.5
A-0578-20260611T1015,FULLY-AVAILABLE,MATCH-AT-K,True,True,True,True,True,True,351958,351958,351963,4,5,1.4999999999999798,28760.72,28760.72,28670.5,28670.5,28941.16,28941.16
A-0579-20260612T1155,FULLY-AVAILABLE,MATCH-AT-K,True,True,True,True,True,True,352247,352247,352259,1,12,1.5000000000000182,29452.3,29452.3,29352.0,29352.0,29652.9,29652.9
A-0580-20260616T0955,DELAYED,MATCH-AT-K,True,True,True,True,True,True,352785,352785,352787,2,2,-1.008043758043758,30505.16,30505.16,30443.0,30443.0,30629.49,30629.49
A-0581-20260617T0940,FULLY-AVAILABLE,MATCH-AT-K,True,True,True,True,True,True,353059,353059,353060,1,1,-1.010482180293501,30487.55,30487.55,30535.25,30535.25,30392.14,30392.14
A-0582-20260618T1005,FULLY-AVAILABLE,MATCH-AT-K,True,True,True,True,True,True,353335,353335,353341,1,6,-1.007357268981754,30552.29,30552.29,30620.25,30620.25,30416.36,30416.36
